{
  "type": "minecraft:archaeology",
  "pools": [
    {
      "rolls": 1,
      "entries": [
        {
          "type": "minecraft:item",
          "weight": 6,
          "name": "minecraft:flint"
        },
        {
          "type": "minecraft:item",
          "weight": 4,
          "name": "minecraft:coal"
        },
        {
          "type": "minecraft:item",
          "weight": 5,
          "name": "minecraft:clay_ball"
        },
        {
          "type": "minecraft:item",
          "weight": 5,
          "name": "minecraft:bone"
        },
        {
          "type": "minecraft:item",
          "weight": 1,
          "name": "minecraft:nautilus_shell"
        },
        {
          "type": "minecraft:item",
          "weight": 3,
          "name": "minecraft:gunpowder"
        },
        {
          "type": "minecraft:item",
          "weight": 4,
          "name": "minecraft:raw_copper"
        },
        {
          "type": "minecraft:item",
          "weight": 2,
          "name": "minecraft:raw_iron"
        },
        {
          "type": "minecraft:item",
          "weight": 1,
          "name": "minecraft:raw_gold"
        },
        {
          "type": "minecraft:item",
          "weight": 4,
          "name": "minecraft:iron_nugget"
        },
        {
          "type": "minecraft:item",
          "weight": 3,
          "name": "minecraft:gold_nugget"
        }
      ]
    }
  ],
  "random_sequence": "wabi_sabi_structures:archaeology/river_boat/river_boat_barge_archaeology"
}
