{
    "name": "wabi_sabi_structures:hoglins",
    "fallback": "minecraft:empty",
    "elements": [
        {
            "weight": 1,
            "element": {
                "element_type": "minecraft:single_pool_element",
                "location": "minecraft:empty",
                "projection": "rigid",
                "processors": "minecraft:empty"
            }
        },
        {
            "weight": 2,
            "element": {
                "element_type": "minecraft:single_pool_element",
                "location": "wabi_sabi_structures:basalt_castle/hoglins/hoglin",
                "projection": "rigid",
                "processors": "minecraft:empty"
            }
        },
        {
            "weight": 1,
            "element": {
                "element_type": "minecraft:single_pool_element",
                "location": "wabi_sabi_structures:basalt_castle/hoglins/baby_hoglin",
                "projection": "rigid",
                "processors": "minecraft:empty"
            }
        }
    ]
}