{
    "name": "wabi_sabi_structures:normal_piglin",
    "fallback": "minecraft:empty",
    "elements": [
        {
            "weight": 5,
            "element": {
                "element_type": "minecraft:single_pool_element",
                "location": "minecraft:empty",
                "projection": "rigid",
                "processors": "minecraft:empty"
            }
        },
        {
            "weight": 5,
            "element": {
                "element_type": "minecraft:single_pool_element",
                "location": "wabi_sabi_structures:basalt_castle/piglins/normal_piglin",
                "projection": "rigid",
                "processors": "minecraft:empty"
            }
        },
        {
            "weight": 1,
            "element": {
                "element_type": "minecraft:single_pool_element",
                "location": "wabi_sabi_structures:basalt_castle/piglins/baby_piglin",
                "projection": "rigid",
                "processors": "minecraft:empty"
            }
        },
        {
            "weight": 3,
            "element": {
                "element_type": "minecraft:single_pool_element",
                "location": "wabi_sabi_structures:basalt_castle/piglins/crossbow_piglin",
                "projection": "rigid",
                "processors": "minecraft:empty"
            }
        },
        {
            "weight": 2,
            "element": {
                "element_type": "minecraft:single_pool_element",
                "location": "wabi_sabi_structures:basalt_castle/piglins/gold_sword_piglin",
                "projection": "rigid",
                "processors": "minecraft:empty"
            }
        }
    ]
}