{
  "processors": [
    {
      "processor_type": "minecraft:rule",
      "rules": [
        {
          "location_predicate": {
            "predicate_type": "minecraft:always_true"
          },
          "input_predicate": {
            "predicate_type": "minecraft:random_blockstate_match",
            "block_state": {
              "Name": "minecraft:birch_slab",
              "Properties": {
                "type": "bottom",
                "waterlogged": "false"
              }
            },
            "probability": 0.1
          },
          "output_state": {
            "Name": "minecraft:cherry_slab",
            "Properties": {
              "type": "bottom",
              "waterlogged": "false"
            }
          }
        },
        {
          "location_predicate": {
            "predicate_type": "minecraft:always_true"
          },
          "input_predicate": {
            "predicate_type": "minecraft:random_blockstate_match",
            "block_state": {
              "Name": "minecraft:birch_slab",
              "Properties": {
                "type": "top",
                "waterlogged": "false"
              }
            },
            "probability": 0.1
          },
          "output_state": {
            "Name": "minecraft:cherry_slab",
            "Properties": {
              "type": "top",
              "waterlogged": "false"
            }
          }
        },
        {
          "location_predicate": {
            "predicate_type": "minecraft:always_true"
          },
          "input_predicate": {
            "predicate_type": "minecraft:random_block_match",
            "block": "minecraft:pink_candle",
            "probability": 0.5
          },
          "output_state": {
            "Name": "minecraft:air"
          }
        },
        {
          "location_predicate": {
            "predicate_type": "minecraft:always_true"
          },
          "input_predicate": {
            "predicate_type": "minecraft:random_block_match",
            "block": "minecraft:grass",
            "probability": 0.1
          },
          "output_state": {
            "Name": "minecraft:flowering_azalea"
          }
        },
        {
          "location_predicate": {
            "predicate_type": "minecraft:always_true"
          },
          "input_predicate": {
            "predicate_type": "minecraft:random_block_match",
            "block": "minecraft:honeycomb_block",
            "probability": 0.1
          },
          "output_state": {
            "Name": "minecraft:honey_block"
          }
        },
        {
          "location_predicate": {
            "predicate_type": "minecraft:always_true"
          },
          "input_predicate": {
            "predicate_type": "minecraft:random_block_match",
            "block": "minecraft:moss_block",
            "probability": 0.25
          },
          "output_state": {
            "Name": "minecraft:grass_block"
          }
        },
        {
          "location_predicate": {
            "predicate_type": "minecraft:always_true"
          },
          "input_predicate": {
            "predicate_type": "minecraft:random_block_match",
            "block": "minecraft:moss_carpet",
            "probability": 0.25
          },
          "output_state": {
            "Name": "minecraft:air"
          }
        },
        {
          "location_predicate": {
            "predicate_type": "minecraft:always_true"
          },
          "input_predicate": {
            "predicate_type": "minecraft:random_blockstate_match",
            "block_state": {
              "Name": "minecraft:pink_petals",
              "Properties": {
                "facing": "north"
              }
            },
            "probability": 0.25
          },
          "output_state": {
            "Name": "minecraft:pink_petals",
            "Properties": {
              "flower_amount": "1",
              "facing": "north"
            }
          }
        },
        {
          "location_predicate": {
            "predicate_type": "minecraft:always_true"
          },
          "input_predicate": {
            "predicate_type": "minecraft:random_blockstate_match",
            "block_state": {
              "Name": "minecraft:pink_petals",
              "Properties": {
                "facing": "north"
              }
            },
            "probability": 0.25
          },
          "output_state": {
            "Name": "minecraft:pink_petals",
            "Properties": {
              "facing": "north",
              "flower_amount": "2"
            }
          }
        },
        {
          "location_predicate": {
            "predicate_type": "minecraft:always_true"
          },
          "input_predicate": {
            "predicate_type": "minecraft:random_blockstate_match",
            "block_state": {
              "Name": "minecraft:bee_nest",
              "Properties": {
                "facing": "east"
              }
            },
            "probability": 0.25
          },
          "output_state": {
            "Name": "minecraft:bee_nest",
            "Properties": {
              "facing": "east"
            }
          },
          "block_entity_modifier": {
            "type": "minecraft:append_static",
            "data": {"Bees":[{"EntityData":{"id":"minecraft:bee"}}]}
          }
        },
        {
          "location_predicate": {
            "predicate_type": "minecraft:always_true"
          },
          "input_predicate": {
            "predicate_type": "minecraft:random_blockstate_match",
            "block_state": {
              "Name": "minecraft:bee_nest",
              "Properties": {
                "facing": "east"
              }
            },
            "probability": 0.25
          },
          "output_state": {
            "Name": "minecraft:bee_nest",
            "Properties": {
              "facing": "east"
            }
          },
          "block_entity_modifier": {
            "type": "minecraft:append_static",
            "data": {"Bees":[{"EntityData":{"id":"minecraft:bee"}},{"EntityData":{"id":"minecraft:bee"}}]}
          }
        },
        {
          "location_predicate": {
            "predicate_type": "minecraft:always_true"
          },
          "input_predicate": {
            "predicate_type": "minecraft:random_blockstate_match",
            "block_state": {
              "Name": "minecraft:pink_petals",
              "Properties": {
                "facing": "north"
              }
            },
            "probability": 0.25
          },
          "output_state": {
            "Name": "minecraft:pink_petals",
            "Properties": {
              "facing": "north",
              "flower_amount": "3"
            }
          }
        },
        {
          "location_predicate": {
            "predicate_type": "minecraft:always_true"
          },
          "input_predicate": {
            "predicate_type": "minecraft:random_blockstate_match",
            "block_state": {
              "Name": "minecraft:pink_petals",
              "Properties": {
                "facing": "north"
              }
            },
            "probability": 0.25
          },
          "output_state": {
            "Name": "minecraft:pink_petals",
            "Properties": {
              "facing": "north",
              "flower_amount": "4"
            }
          }
        },
        {
          "location_predicate": {
            "predicate_type": "minecraft:always_true"
          },
          "input_predicate": {
            "predicate_type": "minecraft:random_blockstate_match",
            "block_state": {
              "Name": "minecraft:pink_petals",
              "Properties": {
                "facing": "south"
              }
            },
            "probability": 0.25
          },
          "output_state": {
            "Name": "minecraft:pink_petals",
            "Properties": {
              "facing": "south",
              "flower_amount": "1"
            }
          }
        },
        {
          "location_predicate": {
            "predicate_type": "minecraft:always_true"
          },
          "input_predicate": {
            "predicate_type": "minecraft:random_blockstate_match",
            "block_state": {
              "Name": "minecraft:pink_petals",
              "Properties": {
                "facing": "south"
              }
            },
            "probability": 0.25
          },
          "output_state": {
            "Name": "minecraft:pink_petals",
            "Properties": {
              "facing": "south",
              "flower_amount": "2"
            }
          }
        },
        {
          "location_predicate": {
            "predicate_type": "minecraft:always_true"
          },
          "input_predicate": {
            "predicate_type": "minecraft:random_blockstate_match",
            "block_state": {
              "Name": "minecraft:pink_petals",
              "Properties": {
                "facing": "south"
              }
            },
            "probability": 0.25
          },
          "output_state": {
            "Name": "minecraft:pink_petals",
            "Properties": {
              "facing": "south",
              "flower_amount": "3"
            }
          }
        },
        {
          "location_predicate": {
            "predicate_type": "minecraft:always_true"
          },
          "input_predicate": {
            "predicate_type": "minecraft:random_blockstate_match",
            "block_state": {
              "Name": "minecraft:pink_petals",
              "Properties": {
                "facing": "south"
              }
            },
            "probability": 0.25
          },
          "output_state": {
            "Name": "minecraft:pink_petals",
            "Properties": {
              "facing": "south",
              "flower_amount": "4"
            }
          }
        },
        {
          "location_predicate": {
            "predicate_type": "minecraft:always_true"
          },
          "input_predicate": {
            "predicate_type": "minecraft:random_blockstate_match",
            "block_state": {
              "Name": "minecraft:pink_petals",
              "Properties": {
                "facing": "west"
              }
            },
            "probability": 0.25
          },
          "output_state": {
            "Name": "minecraft:pink_petals",
            "Properties": {
              "facing": "west",
              "flower_amount": "1"
            }
          }
        },
        {
          "location_predicate": {
            "predicate_type": "minecraft:always_true"
          },
          "input_predicate": {
            "predicate_type": "minecraft:random_blockstate_match",
            "block_state": {
              "Name": "minecraft:pink_petals",
              "Properties": {
                "facing": "west"
              }
            },
            "probability": 0.25
          },
          "output_state": {
            "Name": "minecraft:pink_petals",
            "Properties": {
              "facing": "west",
              "flower_amount": "2"
            }
          }
        },
        {
          "location_predicate": {
            "predicate_type": "minecraft:always_true"
          },
          "input_predicate": {
            "predicate_type": "minecraft:random_blockstate_match",
            "block_state": {
              "Name": "minecraft:pink_petals",
              "Properties": {
                "facing": "west"
              }
            },
            "probability": 0.25
          },
          "output_state": {
            "Name": "minecraft:pink_petals",
            "Properties": {
              "facing": "west",
              "flower_amount": "3"
            }
          }
        },
        {
          "location_predicate": {
            "predicate_type": "minecraft:always_true"
          },
          "input_predicate": {
            "predicate_type": "minecraft:random_blockstate_match",
            "block_state": {
              "Name": "minecraft:pink_petals",
              "Properties": {
                "facing": "west"
              }
            },
            "probability": 0.25
          },
          "output_state": {
            "Name": "minecraft:pink_petals",
            "Properties": {
              "facing": "west",
              "flower_amount": "4"
            }
          }
        },
        {
          "location_predicate": {
            "predicate_type": "minecraft:always_true"
          },
          "input_predicate": {
            "predicate_type": "minecraft:random_blockstate_match",
            "block_state": {
              "Name": "minecraft:pink_petals",
              "Properties": {
                "facing": "east"
              }
            },
            "probability": 0.25
          },
          "output_state": {
            "Name": "minecraft:pink_petals",
            "Properties": {
              "facing": "east",
              "flower_amount": "1"
            }
          }
        },
        {
          "location_predicate": {
            "predicate_type": "minecraft:always_true"
          },
          "input_predicate": {
            "predicate_type": "minecraft:random_blockstate_match",
            "block_state": {
              "Name": "minecraft:pink_petals",
              "Properties": {
                "facing": "east"
              }
            },
            "probability": 0.25
          },
          "output_state": {
            "Name": "minecraft:pink_petals",
            "Properties": {
              "facing": "east",
              "flower_amount": "2"
            }
          }
        },
        {
          "location_predicate": {
            "predicate_type": "minecraft:always_true"
          },
          "input_predicate": {
            "predicate_type": "minecraft:random_blockstate_match",
            "block_state": {
              "Name": "minecraft:pink_petals",
              "Properties": {
                "facing": "east"
              }
            },
            "probability": 0.25
          },
          "output_state": {
            "Name": "minecraft:pink_petals",
            "Properties": {
              "facing": "east",
              "flower_amount": "3"
            }
          }
        },
        {
          "location_predicate": {
            "predicate_type": "minecraft:always_true"
          },
          "input_predicate": {
            "predicate_type": "minecraft:random_blockstate_match",
            "block_state": {
              "Name": "minecraft:pink_petals",
              "Properties": {
                "facing": "east"
              }
            },
            "probability": 0.25
          },
          "output_state": {
            "Name": "minecraft:pink_petals",
            "Properties": {
              "facing": "east",
              "flower_amount": "4"
            }
          }
        },
        {
          "location_predicate": {
            "predicate_type": "minecraft:always_true"
          },
          "input_predicate": {
            "predicate_type": "minecraft:random_blockstate_match",
            "block_state": {
              "Name": "minecraft:pink_candle",
              "Properties": {
                "candles": "1",
                "lit": "true",
                "waterlogged": "false"
              }
            },
            "probability": 0.5
          },
          "output_state": {
            "Name": "minecraft:pink_candle",
            "Properties": {
              "candles": "1",
              "lit": "false",
              "waterlogged": "false"
            }
          }
        },
        {
          "location_predicate": {
            "predicate_type": "minecraft:block_match",
            "block": "minecraft:snow_block"
          },
          "input_predicate": {
            "predicate_type": "minecraft:random_block_match",
            "block": "minecraft:grass_block",
            "probability": 1
          },
          "output_state": {
            "Name": "minecraft:snow_block"
          }
        },
        {
          "location_predicate": {
            "predicate_type": "minecraft:block_match",
            "block": "minecraft:snow_block"
          },
          "input_predicate": {
            "predicate_type": "minecraft:random_block_match",
            "block": "minecraft:flowering_azalea_leaves",
            "probability": 1
          },
          "output_state": {
            "Name": "minecraft:moss_block"
          }
        },
        {
          "location_predicate": {
            "predicate_type": "minecraft:block_match",
            "block": "minecraft:snow_block"
          },
          "input_predicate": {
            "predicate_type": "minecraft:random_block_match",
            "block": "minecraft:moss_block",
            "probability": 0.33
          },
          "output_state": {
            "Name": "minecraft:snow_block"
          }
        }
      ]
    }
  ]
}
