{
  "processors": [
    {
      "processor_type": "minecraft:rule",
      "rules": [
        {
          "location_predicate": {
            "predicate_type": "minecraft:always_true"
          },
          "input_predicate": {
            "predicate_type": "minecraft:random_block_match",
            "block": "minecraft:polished_andesite",
            "probability": 0.10
          },
          "output_state": {
            "Name": "minecraft:andesite"
          }
        },
        {
          "location_predicate": {
            "predicate_type": "minecraft:always_true"
          },
          "input_predicate": {
            "predicate_type": "minecraft:random_block_match",
            "block": "minecraft:red_tulip",
            "probability": 0.05
          },
          "output_state": {
            "Name": "minecraft:air"
          }
        },
        {
          "location_predicate": {
            "predicate_type": "minecraft:always_true"
          },
          "input_predicate": {
            "predicate_type": "minecraft:random_block_match",
            "block": "minecraft:red_tulip",
            "probability": 0.15
          },
          "output_state": {
            "Name": "minecraft:grass"
          }
        },
        {
          "location_predicate": {
            "predicate_type": "minecraft:always_true"
          },
          "input_predicate": {
            "predicate_type": "minecraft:random_block_match",
            "block": "minecraft:red_tulip",
            "probability": 0.25
          },
          "output_state": {
            "Name": "minecraft:pink_tulip"
          }
        },
        {
          "location_predicate": {
            "predicate_type": "minecraft:always_true"
          },
          "input_predicate": {
            "predicate_type": "minecraft:random_block_match",
            "block": "minecraft:red_tulip",
            "probability": 0.25
          },
          "output_state": {
            "Name": "minecraft:orange_tulip"
          }
        },
        {
          "location_predicate": {
            "predicate_type": "minecraft:always_true"
          },
          "input_predicate": {
            "predicate_type": "minecraft:random_block_match",
            "block": "minecraft:red_tulip",
            "probability": 0.25
          },
          "output_state": {
            "Name": "minecraft:white_tulip"
          }
        },
        {
          "location_predicate": {
            "predicate_type": "minecraft:always_true"
          },
          "input_predicate": {
            "predicate_type": "minecraft:random_block_match",
            "block": "minecraft:beehive",
            "probability": 0.50
          },
          "output_state": {
            "Name": "minecraft:air"
          }
        },
        {
          "location_predicate": {
            "predicate_type": "minecraft:always_true"
          },
          "input_predicate": {
            "predicate_type": "minecraft:random_block_match",
            "block": "minecraft:wheat",
            "probability": 0.40
          },
          "output_state": {
            "Name": "minecraft:wheat",
            "Properties": {
              "age": "7"
            }
          }
        },
        {
          "location_predicate": {
            "predicate_type": "minecraft:always_true"
          },
          "input_predicate": {
            "predicate_type": "minecraft:random_block_match",
            "block": "minecraft:wheat",
            "probability": 0.35
          },
          "output_state": {
            "Name": "minecraft:wheat",
            "Properties": {
              "age": "6"
            }
          }
        },
        {
          "location_predicate": {
            "predicate_type": "minecraft:always_true"
          },
          "input_predicate": {
            "predicate_type": "minecraft:random_block_match",
            "block": "minecraft:wheat",
            "probability": 0.30
          },
          "output_state": {
            "Name": "minecraft:wheat",
            "Properties": {
              "age": "5"
            }
          }
        },
        {
          "location_predicate": {
            "predicate_type": "minecraft:always_true"
          },
          "input_predicate": {
            "predicate_type": "minecraft:random_block_match",
            "block": "minecraft:wheat",
            "probability": 0.25
          },
          "output_state": {
            "Name": "minecraft:wheat",
            "Properties": {
              "age": "4"
            }
          }
        },
        {
          "location_predicate": {
            "predicate_type": "minecraft:always_true"
          },
          "input_predicate": {
            "predicate_type": "minecraft:random_block_match",
            "block": "minecraft:wheat",
            "probability": 0.20
          },
          "output_state": {
            "Name": "minecraft:wheat",
            "Properties": {
              "age": "3"
            }
          }
        },
        {
          "location_predicate": {
            "predicate_type": "minecraft:always_true"
          },
          "input_predicate": {
            "predicate_type": "minecraft:random_block_match",
            "block": "minecraft:wheat",
            "probability": 0.15
          },
          "output_state": {
            "Name": "minecraft:wheat",
            "Properties": {
              "age": "2"
            }
          }
        },
        {
          "location_predicate": {
            "predicate_type": "minecraft:always_true"
          },
          "input_predicate": {
            "predicate_type": "minecraft:random_block_match",
            "block": "minecraft:wheat",
            "probability": 0.10
          },
          "output_state": {
            "Name": "minecraft:wheat",
            "Properties": {
              "age": "1"
            }
          }
        },
        {
          "location_predicate": {
            "predicate_type": "minecraft:always_true"
          },
          "input_predicate": {
            "predicate_type": "minecraft:random_block_match",
            "block": "minecraft:candle",
            "probability": 0.65
          },
          "output_state": {
            "Name": "minecraft:air"
          }
        },
        {
          "location_predicate": {
            "predicate_type": "minecraft:always_true"
          },
          "input_predicate": {
            "predicate_type": "minecraft:random_blockstate_match",
            "block_state": {
              "Name": "minecraft:candle",
              "Properties": {
                "lit": "false",
                "candles": "1"
              }
            },
            "probability": 0.002
          },
          "output_state": {
            "Name": "minecraft:candle",
            "Properties": {
              "candles": "4",
              "lit": "true"
            }
          }
        },
        {
          "location_predicate": {
            "predicate_type": "minecraft:always_true"
          },
          "input_predicate": {
            "predicate_type": "minecraft:random_blockstate_match",
            "block_state": {
              "Name": "minecraft:candle",
              "Properties": {
                "lit": "false",
                "candles": "1"
              }
            },
            "probability": 0.001
          },
          "output_state": {
            "Name": "minecraft:white_candle",
            "Properties": {
              "candles": "4",
              "lit": "true"
            }
          }
        },
        {
          "location_predicate": {
            "predicate_type": "minecraft:always_true"
          },
          "input_predicate": {
            "predicate_type": "minecraft:random_blockstate_match",
            "block_state": {
              "Name": "minecraft:candle",
              "Properties": {
                "lit": "false",
                "candles": "1"
              }
            },
            "probability": 0.001
          },
          "output_state": {
            "Name": "minecraft:orange_candle",
            "Properties": {
              "candles": "4",
              "lit": "true"
            }
          }
        },
        {
          "location_predicate": {
            "predicate_type": "minecraft:always_true"
          },
          "input_predicate": {
            "predicate_type": "minecraft:random_blockstate_match",
            "block_state": {
              "Name": "minecraft:candle",
              "Properties": {
                "lit": "false",
                "candles": "1"
              }
            },
            "probability": 0.001
          },
          "output_state": {
            "Name": "minecraft:magenta_candle",
            "Properties": {
              "candles": "4",
              "lit": "true"
            }
          }
        },
        {
          "location_predicate": {
            "predicate_type": "minecraft:always_true"
          },
          "input_predicate": {
            "predicate_type": "minecraft:random_blockstate_match",
            "block_state": {
              "Name": "minecraft:candle",
              "Properties": {
                "lit": "false",
                "candles": "1"
              }
            },
            "probability": 0.001
          },
          "output_state": {
            "Name": "minecraft:light_blue_candle",
            "Properties": {
              "candles": "4",
              "lit": "true"
            }
          }
        },
        {
          "location_predicate": {
            "predicate_type": "minecraft:always_true"
          },
          "input_predicate": {
            "predicate_type": "minecraft:random_blockstate_match",
            "block_state": {
              "Name": "minecraft:candle",
              "Properties": {
                "lit": "false",
                "candles": "1"
              }
            },
            "probability": 0.001
          },
          "output_state": {
            "Name": "minecraft:yellow_candle",
            "Properties": {
              "candles": "4",
              "lit": "true"
            }
          }
        },
        {
          "location_predicate": {
            "predicate_type": "minecraft:always_true"
          },
          "input_predicate": {
            "predicate_type": "minecraft:random_blockstate_match",
            "block_state": {
              "Name": "minecraft:candle",
              "Properties": {
                "lit": "false",
                "candles": "1"
              }
            },
            "probability": 0.001
          },
          "output_state": {
            "Name": "minecraft:lime_candle",
            "Properties": {
              "candles": "4",
              "lit": "true"
            }
          }
        },
        {
          "location_predicate": {
            "predicate_type": "minecraft:always_true"
          },
          "input_predicate": {
            "predicate_type": "minecraft:random_blockstate_match",
            "block_state": {
              "Name": "minecraft:candle",
              "Properties": {
                "lit": "false",
                "candles": "1"
              }
            },
            "probability": 0.001
          },
          "output_state": {
            "Name": "minecraft:pink_candle",
            "Properties": {
              "candles": "4",
              "lit": "true"
            }
          }
        },
        {
          "location_predicate": {
            "predicate_type": "minecraft:always_true"
          },
          "input_predicate": {
            "predicate_type": "minecraft:random_blockstate_match",
            "block_state": {
              "Name": "minecraft:candle",
              "Properties": {
                "lit": "false",
                "candles": "1"
              }
            },
            "probability": 0.001
          },
          "output_state": {
            "Name": "minecraft:gray_candle",
            "Properties": {
              "candles": "4",
              "lit": "true"
            }
          }
        },
        {
          "location_predicate": {
            "predicate_type": "minecraft:always_true"
          },
          "input_predicate": {
            "predicate_type": "minecraft:random_blockstate_match",
            "block_state": {
              "Name": "minecraft:candle",
              "Properties": {
                "lit": "false",
                "candles": "1"
              }
            },
            "probability": 0.001
          },
          "output_state": {
            "Name": "minecraft:light_gray_candle",
            "Properties": {
              "candles": "4",
              "lit": "true"
            }
          }
        },
        {
          "location_predicate": {
            "predicate_type": "minecraft:always_true"
          },
          "input_predicate": {
            "predicate_type": "minecraft:random_blockstate_match",
            "block_state": {
              "Name": "minecraft:candle",
              "Properties": {
                "lit": "false",
                "candles": "1"
              }
            },
            "probability": 0.001
          },
          "output_state": {
            "Name": "minecraft:cyan_candle",
            "Properties": {
              "candles": "4",
              "lit": "true"
            }
          }
        },
        {
          "location_predicate": {
            "predicate_type": "minecraft:always_true"
          },
          "input_predicate": {
            "predicate_type": "minecraft:random_blockstate_match",
            "block_state": {
              "Name": "minecraft:candle",
              "Properties": {
                "lit": "false",
                "candles": "1"
              }
            },
            "probability": 0.001
          },
          "output_state": {
            "Name": "minecraft:purple_candle",
            "Properties": {
              "candles": "4",
              "lit": "true"
            }
          }
        },
        {
          "location_predicate": {
            "predicate_type": "minecraft:always_true"
          },
          "input_predicate": {
            "predicate_type": "minecraft:random_blockstate_match",
            "block_state": {
              "Name": "minecraft:candle",
              "Properties": {
                "lit": "false",
                "candles": "1"
              }
            },
            "probability": 0.001
          },
          "output_state": {
            "Name": "minecraft:blue_candle",
            "Properties": {
              "candles": "4",
              "lit": "true"
            }
          }
        },
        {
          "location_predicate": {
            "predicate_type": "minecraft:always_true"
          },
          "input_predicate": {
            "predicate_type": "minecraft:random_blockstate_match",
            "block_state": {
              "Name": "minecraft:candle",
              "Properties": {
                "lit": "false",
                "candles": "1"
              }
            },
            "probability": 0.001
          },
          "output_state": {
            "Name": "minecraft:brown_candle",
            "Properties": {
              "candles": "4",
              "lit": "true"
            }
          }
        },
        {
          "location_predicate": {
            "predicate_type": "minecraft:always_true"
          },
          "input_predicate": {
            "predicate_type": "minecraft:random_blockstate_match",
            "block_state": {
              "Name": "minecraft:candle",
              "Properties": {
                "lit": "false",
                "candles": "1"
              }
            },
            "probability": 0.001
          },
          "output_state": {
            "Name": "minecraft:green_candle",
            "Properties": {
              "candles": "4",
              "lit": "true"
            }
          }
        },
        {
          "location_predicate": {
            "predicate_type": "minecraft:always_true"
          },
          "input_predicate": {
            "predicate_type": "minecraft:random_blockstate_match",
            "block_state": {
              "Name": "minecraft:candle",
              "Properties": {
                "lit": "false",
                "candles": "1"
              }
            },
            "probability": 0.001
          },
          "output_state": {
            "Name": "minecraft:red_candle",
            "Properties": {
              "candles": "4",
              "lit": "true"
            }
          }
        },
        {
          "location_predicate": {
            "predicate_type": "minecraft:always_true"
          },
          "input_predicate": {
            "predicate_type": "minecraft:random_blockstate_match",
            "block_state": {
              "Name": "minecraft:candle",
              "Properties": {
                "lit": "false",
                "candles": "1"
              }
            },
            "probability": 0.001
          },
          "output_state": {
            "Name": "minecraft:black_candle",
            "Properties": {
              "candles": "4",
              "lit": "true"
            }
          }
        },
        {
          "location_predicate": {
            "predicate_type": "minecraft:always_true"
          },
          "input_predicate": {
            "predicate_type": "minecraft:random_blockstate_match",
            "block_state": {
              "Name": "minecraft:candle",
              "Properties": {
                "lit": "false",
                "candles": "1"
              }
            },
            "probability": 0.005
          },
          "output_state": {
            "Name": "minecraft:candle",
            "Properties": {
              "candles": "3",
              "lit": "true"
            }
          }
        },
        {
          "location_predicate": {
            "predicate_type": "minecraft:always_true"
          },
          "input_predicate": {
            "predicate_type": "minecraft:random_blockstate_match",
            "block_state": {
              "Name": "minecraft:candle",
              "Properties": {
                "lit": "false",
                "candles": "1"
              }
            },
            "probability": 0.005
          },
          "output_state": {
            "Name": "minecraft:white_candle",
            "Properties": {
              "candles": "3",
              "lit": "true"
            }
          }
        },
        {
          "location_predicate": {
            "predicate_type": "minecraft:always_true"
          },
          "input_predicate": {
            "predicate_type": "minecraft:random_blockstate_match",
            "block_state": {
              "Name": "minecraft:candle",
              "Properties": {
                "lit": "false",
                "candles": "1"
              }
            },
            "probability": 0.005
          },
          "output_state": {
            "Name": "minecraft:orange_candle",
            "Properties": {
              "candles": "3",
              "lit": "true"
            }
          }
        },
        {
          "location_predicate": {
            "predicate_type": "minecraft:always_true"
          },
          "input_predicate": {
            "predicate_type": "minecraft:random_blockstate_match",
            "block_state": {
              "Name": "minecraft:candle",
              "Properties": {
                "lit": "false",
                "candles": "1"
              }
            },
            "probability": 0.005
          },
          "output_state": {
            "Name": "minecraft:magenta_candle",
            "Properties": {
              "candles": "3",
              "lit": "true"
            }
          }
        },
        {
          "location_predicate": {
            "predicate_type": "minecraft:always_true"
          },
          "input_predicate": {
            "predicate_type": "minecraft:random_blockstate_match",
            "block_state": {
              "Name": "minecraft:candle",
              "Properties": {
                "lit": "false",
                "candles": "1"
              }
            },
            "probability": 0.005
          },
          "output_state": {
            "Name": "minecraft:light_blue_candle",
            "Properties": {
              "candles": "3",
              "lit": "true"
            }
          }
        },
        {
          "location_predicate": {
            "predicate_type": "minecraft:always_true"
          },
          "input_predicate": {
            "predicate_type": "minecraft:random_blockstate_match",
            "block_state": {
              "Name": "minecraft:candle",
              "Properties": {
                "lit": "false",
                "candles": "1"
              }
            },
            "probability": 0.005
          },
          "output_state": {
            "Name": "minecraft:yellow_candle",
            "Properties": {
              "candles": "3",
              "lit": "true"
            }
          }
        },
        {
          "location_predicate": {
            "predicate_type": "minecraft:always_true"
          },
          "input_predicate": {
            "predicate_type": "minecraft:random_blockstate_match",
            "block_state": {
              "Name": "minecraft:candle",
              "Properties": {
                "lit": "false",
                "candles": "1"
              }
            },
            "probability": 0.005
          },
          "output_state": {
            "Name": "minecraft:lime_candle",
            "Properties": {
              "candles": "3",
              "lit": "true"
            }
          }
        },
        {
          "location_predicate": {
            "predicate_type": "minecraft:always_true"
          },
          "input_predicate": {
            "predicate_type": "minecraft:random_blockstate_match",
            "block_state": {
              "Name": "minecraft:candle",
              "Properties": {
                "lit": "false",
                "candles": "1"
              }
            },
            "probability": 0.005
          },
          "output_state": {
            "Name": "minecraft:pink_candle",
            "Properties": {
              "candles": "3",
              "lit": "true"
            }
          }
        },
        {
          "location_predicate": {
            "predicate_type": "minecraft:always_true"
          },
          "input_predicate": {
            "predicate_type": "minecraft:random_blockstate_match",
            "block_state": {
              "Name": "minecraft:candle",
              "Properties": {
                "lit": "false",
                "candles": "1"
              }
            },
            "probability": 0.005
          },
          "output_state": {
            "Name": "minecraft:gray_candle",
            "Properties": {
              "candles": "3",
              "lit": "true"
            }
          }
        },
        {
          "location_predicate": {
            "predicate_type": "minecraft:always_true"
          },
          "input_predicate": {
            "predicate_type": "minecraft:random_blockstate_match",
            "block_state": {
              "Name": "minecraft:candle",
              "Properties": {
                "lit": "false",
                "candles": "1"
              }
            },
            "probability": 0.005
          },
          "output_state": {
            "Name": "minecraft:light_gray_candle",
            "Properties": {
              "candles": "3",
              "lit": "true"
            }
          }
        },
        {
          "location_predicate": {
            "predicate_type": "minecraft:always_true"
          },
          "input_predicate": {
            "predicate_type": "minecraft:random_blockstate_match",
            "block_state": {
              "Name": "minecraft:candle",
              "Properties": {
                "lit": "false",
                "candles": "1"
              }
            },
            "probability": 0.005
          },
          "output_state": {
            "Name": "minecraft:cyan_candle",
            "Properties": {
              "candles": "3",
              "lit": "true"
            }
          }
        },
        {
          "location_predicate": {
            "predicate_type": "minecraft:always_true"
          },
          "input_predicate": {
            "predicate_type": "minecraft:random_blockstate_match",
            "block_state": {
              "Name": "minecraft:candle",
              "Properties": {
                "lit": "false",
                "candles": "1"
              }
            },
            "probability": 0.005
          },
          "output_state": {
            "Name": "minecraft:purple_candle",
            "Properties": {
              "candles": "3",
              "lit": "true"
            }
          }
        },
        {
          "location_predicate": {
            "predicate_type": "minecraft:always_true"
          },
          "input_predicate": {
            "predicate_type": "minecraft:random_blockstate_match",
            "block_state": {
              "Name": "minecraft:candle",
              "Properties": {
                "lit": "false",
                "candles": "1"
              }
            },
            "probability": 0.005
          },
          "output_state": {
            "Name": "minecraft:blue_candle",
            "Properties": {
              "candles": "3",
              "lit": "true"
            }
          }
        },
        {
          "location_predicate": {
            "predicate_type": "minecraft:always_true"
          },
          "input_predicate": {
            "predicate_type": "minecraft:random_blockstate_match",
            "block_state": {
              "Name": "minecraft:candle",
              "Properties": {
                "lit": "false",
                "candles": "1"
              }
            },
            "probability": 0.005
          },
          "output_state": {
            "Name": "minecraft:brown_candle",
            "Properties": {
              "candles": "3",
              "lit": "true"
            }
          }
        },
        {
          "location_predicate": {
            "predicate_type": "minecraft:always_true"
          },
          "input_predicate": {
            "predicate_type": "minecraft:random_blockstate_match",
            "block_state": {
              "Name": "minecraft:candle",
              "Properties": {
                "lit": "false",
                "candles": "1"
              }
            },
            "probability": 0.005
          },
          "output_state": {
            "Name": "minecraft:green_candle",
            "Properties": {
              "candles": "3",
              "lit": "true"
            }
          }
        },
        {
          "location_predicate": {
            "predicate_type": "minecraft:always_true"
          },
          "input_predicate": {
            "predicate_type": "minecraft:random_blockstate_match",
            "block_state": {
              "Name": "minecraft:candle",
              "Properties": {
                "lit": "false",
                "candles": "1"
              }
            },
            "probability": 0.005
          },
          "output_state": {
            "Name": "minecraft:red_candle",
            "Properties": {
              "candles": "3",
              "lit": "true"
            }
          }
        },
        {
          "location_predicate": {
            "predicate_type": "minecraft:always_true"
          },
          "input_predicate": {
            "predicate_type": "minecraft:random_blockstate_match",
            "block_state": {
              "Name": "minecraft:candle",
              "Properties": {
                "lit": "false",
                "candles": "1"
              }
            },
            "probability": 0.005
          },
          "output_state": {
            "Name": "minecraft:black_candle",
            "Properties": {
              "candles": "3",
              "lit": "true"
            }
          }
        },
        {
          "location_predicate": {
            "predicate_type": "minecraft:always_true"
          },
          "input_predicate": {
            "predicate_type": "minecraft:random_blockstate_match",
            "block_state": {
              "Name": "minecraft:candle",
              "Properties": {
                "lit": "false",
                "candles": "1"
              }
            },
            "probability": 0.02
          },
          "output_state": {
            "Name": "minecraft:candle",
            "Properties": {
              "candles": "4",
              "lit": "false"
            }
          }
        },
        {
          "location_predicate": {
            "predicate_type": "minecraft:always_true"
          },
          "input_predicate": {
            "predicate_type": "minecraft:random_blockstate_match",
            "block_state": {
              "Name": "minecraft:candle",
              "Properties": {
                "lit": "false",
                "candles": "1"
              }
            },
            "probability": 0.01
          },
          "output_state": {
            "Name": "minecraft:white_candle",
            "Properties": {
              "candles": "4",
              "lit": "false"
            }
          }
        },
        {
          "location_predicate": {
            "predicate_type": "minecraft:always_true"
          },
          "input_predicate": {
            "predicate_type": "minecraft:random_blockstate_match",
            "block_state": {
              "Name": "minecraft:candle",
              "Properties": {
                "lit": "false",
                "candles": "1"
              }
            },
            "probability": 0.01
          },
          "output_state": {
            "Name": "minecraft:orange_candle",
            "Properties": {
              "candles": "4",
              "lit": "false"
            }
          }
        },
        {
          "location_predicate": {
            "predicate_type": "minecraft:always_true"
          },
          "input_predicate": {
            "predicate_type": "minecraft:random_blockstate_match",
            "block_state": {
              "Name": "minecraft:candle",
              "Properties": {
                "lit": "false",
                "candles": "1"
              }
            },
            "probability": 0.01
          },
          "output_state": {
            "Name": "minecraft:magenta_candle",
            "Properties": {
              "candles": "4",
              "lit": "false"
            }
          }
        },
        {
          "location_predicate": {
            "predicate_type": "minecraft:always_true"
          },
          "input_predicate": {
            "predicate_type": "minecraft:random_blockstate_match",
            "block_state": {
              "Name": "minecraft:candle",
              "Properties": {
                "lit": "false",
                "candles": "1"
              }
            },
            "probability": 0.01
          },
          "output_state": {
            "Name": "minecraft:light_blue_candle",
            "Properties": {
              "candles": "4",
              "lit": "false"
            }
          }
        },
        {
          "location_predicate": {
            "predicate_type": "minecraft:always_true"
          },
          "input_predicate": {
            "predicate_type": "minecraft:random_blockstate_match",
            "block_state": {
              "Name": "minecraft:candle",
              "Properties": {
                "lit": "false",
                "candles": "1"
              }
            },
            "probability": 0.01
          },
          "output_state": {
            "Name": "minecraft:yellow_candle",
            "Properties": {
              "candles": "4",
              "lit": "false"
            }
          }
        },
        {
          "location_predicate": {
            "predicate_type": "minecraft:always_true"
          },
          "input_predicate": {
            "predicate_type": "minecraft:random_blockstate_match",
            "block_state": {
              "Name": "minecraft:candle",
              "Properties": {
                "lit": "false",
                "candles": "1"
              }
            },
            "probability": 0.01
          },
          "output_state": {
            "Name": "minecraft:lime_candle",
            "Properties": {
              "candles": "4",
              "lit": "false"
            }
          }
        },
        {
          "location_predicate": {
            "predicate_type": "minecraft:always_true"
          },
          "input_predicate": {
            "predicate_type": "minecraft:random_blockstate_match",
            "block_state": {
              "Name": "minecraft:candle",
              "Properties": {
                "lit": "false",
                "candles": "1"
              }
            },
            "probability": 0.01
          },
          "output_state": {
            "Name": "minecraft:pink_candle",
            "Properties": {
              "candles": "4",
              "lit": "false"
            }
          }
        },
        {
          "location_predicate": {
            "predicate_type": "minecraft:always_true"
          },
          "input_predicate": {
            "predicate_type": "minecraft:random_blockstate_match",
            "block_state": {
              "Name": "minecraft:candle",
              "Properties": {
                "lit": "false",
                "candles": "1"
              }
            },
            "probability": 0.01
          },
          "output_state": {
            "Name": "minecraft:gray_candle",
            "Properties": {
              "candles": "4",
              "lit": "false"
            }
          }
        },
        {
          "location_predicate": {
            "predicate_type": "minecraft:always_true"
          },
          "input_predicate": {
            "predicate_type": "minecraft:random_blockstate_match",
            "block_state": {
              "Name": "minecraft:candle",
              "Properties": {
                "lit": "false",
                "candles": "1"
              }
            },
            "probability": 0.01
          },
          "output_state": {
            "Name": "minecraft:light_gray_candle",
            "Properties": {
              "candles": "4",
              "lit": "false"
            }
          }
        },
        {
          "location_predicate": {
            "predicate_type": "minecraft:always_true"
          },
          "input_predicate": {
            "predicate_type": "minecraft:random_blockstate_match",
            "block_state": {
              "Name": "minecraft:candle",
              "Properties": {
                "lit": "false",
                "candles": "1"
              }
            },
            "probability": 0.01
          },
          "output_state": {
            "Name": "minecraft:cyan_candle",
            "Properties": {
              "candles": "4",
              "lit": "false"
            }
          }
        },
        {
          "location_predicate": {
            "predicate_type": "minecraft:always_true"
          },
          "input_predicate": {
            "predicate_type": "minecraft:random_blockstate_match",
            "block_state": {
              "Name": "minecraft:candle",
              "Properties": {
                "lit": "false",
                "candles": "1"
              }
            },
            "probability": 0.01
          },
          "output_state": {
            "Name": "minecraft:purple_candle",
            "Properties": {
              "candles": "4",
              "lit": "false"
            }
          }
        },
        {
          "location_predicate": {
            "predicate_type": "minecraft:always_true"
          },
          "input_predicate": {
            "predicate_type": "minecraft:random_blockstate_match",
            "block_state": {
              "Name": "minecraft:candle",
              "Properties": {
                "lit": "false",
                "candles": "1"
              }
            },
            "probability": 0.01
          },
          "output_state": {
            "Name": "minecraft:blue_candle",
            "Properties": {
              "candles": "4",
              "lit": "false"
            }
          }
        },
        {
          "location_predicate": {
            "predicate_type": "minecraft:always_true"
          },
          "input_predicate": {
            "predicate_type": "minecraft:random_blockstate_match",
            "block_state": {
              "Name": "minecraft:candle",
              "Properties": {
                "lit": "false",
                "candles": "1"
              }
            },
            "probability": 0.01
          },
          "output_state": {
            "Name": "minecraft:brown_candle",
            "Properties": {
              "candles": "4",
              "lit": "false"
            }
          }
        },
        {
          "location_predicate": {
            "predicate_type": "minecraft:always_true"
          },
          "input_predicate": {
            "predicate_type": "minecraft:random_blockstate_match",
            "block_state": {
              "Name": "minecraft:candle",
              "Properties": {
                "lit": "false",
                "candles": "1"
              }
            },
            "probability": 0.01
          },
          "output_state": {
            "Name": "minecraft:green_candle",
            "Properties": {
              "candles": "4",
              "lit": "false"
            }
          }
        },
        {
          "location_predicate": {
            "predicate_type": "minecraft:always_true"
          },
          "input_predicate": {
            "predicate_type": "minecraft:random_blockstate_match",
            "block_state": {
              "Name": "minecraft:candle",
              "Properties": {
                "lit": "false",
                "candles": "1"
              }
            },
            "probability": 0.01
          },
          "output_state": {
            "Name": "minecraft:red_candle",
            "Properties": {
              "candles": "4",
              "lit": "false"
            }
          }
        },
        {
          "location_predicate": {
            "predicate_type": "minecraft:always_true"
          },
          "input_predicate": {
            "predicate_type": "minecraft:random_blockstate_match",
            "block_state": {
              "Name": "minecraft:candle",
              "Properties": {
                "lit": "false",
                "candles": "1"
              }
            },
            "probability": 0.01
          },
          "output_state": {
            "Name": "minecraft:black_candle",
            "Properties": {
              "candles": "4",
              "lit": "false"
            }
          }
        },
        {
          "location_predicate": {
            "predicate_type": "minecraft:always_true"
          },
          "input_predicate": {
            "predicate_type": "minecraft:random_blockstate_match",
            "block_state": {
              "Name": "minecraft:candle",
              "Properties": {
                "lit": "false",
                "candles": "1"
              }
            },
            "probability": 0.10
          },
          "output_state": {
            "Name": "minecraft:candle",
            "Properties": {
              "candles": "3",
              "lit": "false"
            }
          }
        },
        {
          "location_predicate": {
            "predicate_type": "minecraft:always_true"
          },
          "input_predicate": {
            "predicate_type": "minecraft:random_blockstate_match",
            "block_state": {
              "Name": "minecraft:candle",
              "Properties": {
                "lit": "false",
                "candles": "1"
              }
            },
            "probability": 0.05
          },
          "output_state": {
            "Name": "minecraft:white_candle",
            "Properties": {
              "candles": "3",
              "lit": "false"
            }
          }
        },
        {
          "location_predicate": {
            "predicate_type": "minecraft:always_true"
          },
          "input_predicate": {
            "predicate_type": "minecraft:random_blockstate_match",
            "block_state": {
              "Name": "minecraft:candle",
              "Properties": {
                "lit": "false",
                "candles": "1"
              }
            },
            "probability": 0.05
          },
          "output_state": {
            "Name": "minecraft:orange_candle",
            "Properties": {
              "candles": "3",
              "lit": "false"
            }
          }
        },
        {
          "location_predicate": {
            "predicate_type": "minecraft:always_true"
          },
          "input_predicate": {
            "predicate_type": "minecraft:random_blockstate_match",
            "block_state": {
              "Name": "minecraft:candle",
              "Properties": {
                "lit": "false",
                "candles": "1"
              }
            },
            "probability": 0.05
          },
          "output_state": {
            "Name": "minecraft:magenta_candle",
            "Properties": {
              "candles": "3",
              "lit": "false"
            }
          }
        },
        {
          "location_predicate": {
            "predicate_type": "minecraft:always_true"
          },
          "input_predicate": {
            "predicate_type": "minecraft:random_blockstate_match",
            "block_state": {
              "Name": "minecraft:candle",
              "Properties": {
                "lit": "false",
                "candles": "1"
              }
            },
            "probability": 0.05
          },
          "output_state": {
            "Name": "minecraft:light_blue_candle",
            "Properties": {
              "candles": "3",
              "lit": "false"
            }
          }
        },
        {
          "location_predicate": {
            "predicate_type": "minecraft:always_true"
          },
          "input_predicate": {
            "predicate_type": "minecraft:random_blockstate_match",
            "block_state": {
              "Name": "minecraft:candle",
              "Properties": {
                "lit": "false",
                "candles": "1"
              }
            },
            "probability": 0.05
          },
          "output_state": {
            "Name": "minecraft:yellow_candle",
            "Properties": {
              "candles": "3",
              "lit": "false"
            }
          }
        },
        {
          "location_predicate": {
            "predicate_type": "minecraft:always_true"
          },
          "input_predicate": {
            "predicate_type": "minecraft:random_blockstate_match",
            "block_state": {
              "Name": "minecraft:candle",
              "Properties": {
                "lit": "false",
                "candles": "1"
              }
            },
            "probability": 0.05
          },
          "output_state": {
            "Name": "minecraft:lime_candle",
            "Properties": {
              "candles": "3",
              "lit": "false"
            }
          }
        },
        {
          "location_predicate": {
            "predicate_type": "minecraft:always_true"
          },
          "input_predicate": {
            "predicate_type": "minecraft:random_blockstate_match",
            "block_state": {
              "Name": "minecraft:candle",
              "Properties": {
                "lit": "false",
                "candles": "1"
              }
            },
            "probability": 0.05
          },
          "output_state": {
            "Name": "minecraft:pink_candle",
            "Properties": {
              "candles": "3",
              "lit": "false"
            }
          }
        },
        {
          "location_predicate": {
            "predicate_type": "minecraft:always_true"
          },
          "input_predicate": {
            "predicate_type": "minecraft:random_blockstate_match",
            "block_state": {
              "Name": "minecraft:candle",
              "Properties": {
                "lit": "false",
                "candles": "1"
              }
            },
            "probability": 0.05
          },
          "output_state": {
            "Name": "minecraft:gray_candle",
            "Properties": {
              "candles": "3",
              "lit": "false"
            }
          }
        },
        {
          "location_predicate": {
            "predicate_type": "minecraft:always_true"
          },
          "input_predicate": {
            "predicate_type": "minecraft:random_blockstate_match",
            "block_state": {
              "Name": "minecraft:candle",
              "Properties": {
                "lit": "false",
                "candles": "1"
              }
            },
            "probability": 0.05
          },
          "output_state": {
            "Name": "minecraft:light_gray_candle",
            "Properties": {
              "candles": "3",
              "lit": "false"
            }
          }
        },
        {
          "location_predicate": {
            "predicate_type": "minecraft:always_true"
          },
          "input_predicate": {
            "predicate_type": "minecraft:random_blockstate_match",
            "block_state": {
              "Name": "minecraft:candle",
              "Properties": {
                "lit": "false",
                "candles": "1"
              }
            },
            "probability": 0.05
          },
          "output_state": {
            "Name": "minecraft:cyan_candle",
            "Properties": {
              "candles": "3",
              "lit": "false"
            }
          }
        },
        {
          "location_predicate": {
            "predicate_type": "minecraft:always_true"
          },
          "input_predicate": {
            "predicate_type": "minecraft:random_blockstate_match",
            "block_state": {
              "Name": "minecraft:candle",
              "Properties": {
                "lit": "false",
                "candles": "1"
              }
            },
            "probability": 0.05
          },
          "output_state": {
            "Name": "minecraft:purple_candle",
            "Properties": {
              "candles": "3",
              "lit": "false"
            }
          }
        },
        {
          "location_predicate": {
            "predicate_type": "minecraft:always_true"
          },
          "input_predicate": {
            "predicate_type": "minecraft:random_blockstate_match",
            "block_state": {
              "Name": "minecraft:candle",
              "Properties": {
                "lit": "false",
                "candles": "1"
              }
            },
            "probability": 0.05
          },
          "output_state": {
            "Name": "minecraft:blue_candle",
            "Properties": {
              "candles": "3",
              "lit": "false"
            }
          }
        },
        {
          "location_predicate": {
            "predicate_type": "minecraft:always_true"
          },
          "input_predicate": {
            "predicate_type": "minecraft:random_blockstate_match",
            "block_state": {
              "Name": "minecraft:candle",
              "Properties": {
                "lit": "false",
                "candles": "1"
              }
            },
            "probability": 0.05
          },
          "output_state": {
            "Name": "minecraft:brown_candle",
            "Properties": {
              "candles": "3",
              "lit": "false"
            }
          }
        },
        {
          "location_predicate": {
            "predicate_type": "minecraft:always_true"
          },
          "input_predicate": {
            "predicate_type": "minecraft:random_blockstate_match",
            "block_state": {
              "Name": "minecraft:candle",
              "Properties": {
                "lit": "false",
                "candles": "1"
              }
            },
            "probability": 0.05
          },
          "output_state": {
            "Name": "minecraft:green_candle",
            "Properties": {
              "candles": "3",
              "lit": "false"
            }
          }
        },
        {
          "location_predicate": {
            "predicate_type": "minecraft:always_true"
          },
          "input_predicate": {
            "predicate_type": "minecraft:random_blockstate_match",
            "block_state": {
              "Name": "minecraft:candle",
              "Properties": {
                "lit": "false",
                "candles": "1"
              }
            },
            "probability": 0.05
          },
          "output_state": {
            "Name": "minecraft:red_candle",
            "Properties": {
              "candles": "3",
              "lit": "false"
            }
          }
        },
        {
          "location_predicate": {
            "predicate_type": "minecraft:always_true"
          },
          "input_predicate": {
            "predicate_type": "minecraft:random_blockstate_match",
            "block_state": {
              "Name": "minecraft:candle",
              "Properties": {
                "lit": "false",
                "candles": "1"
              }
            },
            "probability": 0.05
          },
          "output_state": {
            "Name": "minecraft:black_candle",
            "Properties": {
              "candles": "3",
              "lit": "false"
            }
          }
        },
        {
          "location_predicate": {
            "predicate_type": "minecraft:always_true"
          },
          "input_predicate": {
            "predicate_type": "minecraft:random_blockstate_match",
            "block_state": {
              "Name": "minecraft:candle",
              "Properties": {
                "lit": "false",
                "candles": "1"
              }
            },
            "probability": 0.20
          },
          "output_state": {
            "Name": "minecraft:candle",
            "Properties": {
              "candles": "2",
              "lit": "false"
            }
          }
        },
        {
          "location_predicate": {
            "predicate_type": "minecraft:always_true"
          },
          "input_predicate": {
            "predicate_type": "minecraft:random_blockstate_match",
            "block_state": {
              "Name": "minecraft:candle",
              "Properties": {
                "lit": "false",
                "candles": "1"
              }
            },
            "probability": 0.10
          },
          "output_state": {
            "Name": "minecraft:white_candle",
            "Properties": {
              "candles": "2",
              "lit": "false"
            }
          }
        },
        {
          "location_predicate": {
            "predicate_type": "minecraft:always_true"
          },
          "input_predicate": {
            "predicate_type": "minecraft:random_blockstate_match",
            "block_state": {
              "Name": "minecraft:candle",
              "Properties": {
                "lit": "false",
                "candles": "1"
              }
            },
            "probability": 0.10
          },
          "output_state": {
            "Name": "minecraft:orange_candle",
            "Properties": {
              "candles": "2",
              "lit": "false"
            }
          }
        },
        {
          "location_predicate": {
            "predicate_type": "minecraft:always_true"
          },
          "input_predicate": {
            "predicate_type": "minecraft:random_blockstate_match",
            "block_state": {
              "Name": "minecraft:candle",
              "Properties": {
                "lit": "false",
                "candles": "1"
              }
            },
            "probability": 0.10
          },
          "output_state": {
            "Name": "minecraft:magenta_candle",
            "Properties": {
              "candles": "2",
              "lit": "false"
            }
          }
        },
        {
          "location_predicate": {
            "predicate_type": "minecraft:always_true"
          },
          "input_predicate": {
            "predicate_type": "minecraft:random_blockstate_match",
            "block_state": {
              "Name": "minecraft:candle",
              "Properties": {
                "lit": "false",
                "candles": "1"
              }
            },
            "probability": 0.10
          },
          "output_state": {
            "Name": "minecraft:light_blue_candle",
            "Properties": {
              "candles": "2",
              "lit": "false"
            }
          }
        },
        {
          "location_predicate": {
            "predicate_type": "minecraft:always_true"
          },
          "input_predicate": {
            "predicate_type": "minecraft:random_blockstate_match",
            "block_state": {
              "Name": "minecraft:candle",
              "Properties": {
                "lit": "false",
                "candles": "1"
              }
            },
            "probability": 0.10
          },
          "output_state": {
            "Name": "minecraft:yellow_candle",
            "Properties": {
              "candles": "2",
              "lit": "false"
            }
          }
        },
        {
          "location_predicate": {
            "predicate_type": "minecraft:always_true"
          },
          "input_predicate": {
            "predicate_type": "minecraft:random_blockstate_match",
            "block_state": {
              "Name": "minecraft:candle",
              "Properties": {
                "lit": "false",
                "candles": "1"
              }
            },
            "probability": 0.10
          },
          "output_state": {
            "Name": "minecraft:lime_candle",
            "Properties": {
              "candles": "2",
              "lit": "false"
            }
          }
        },
        {
          "location_predicate": {
            "predicate_type": "minecraft:always_true"
          },
          "input_predicate": {
            "predicate_type": "minecraft:random_blockstate_match",
            "block_state": {
              "Name": "minecraft:candle",
              "Properties": {
                "lit": "false",
                "candles": "1"
              }
            },
            "probability": 0.10
          },
          "output_state": {
            "Name": "minecraft:pink_candle",
            "Properties": {
              "candles": "2",
              "lit": "false"
            }
          }
        },
        {
          "location_predicate": {
            "predicate_type": "minecraft:always_true"
          },
          "input_predicate": {
            "predicate_type": "minecraft:random_blockstate_match",
            "block_state": {
              "Name": "minecraft:candle",
              "Properties": {
                "lit": "false",
                "candles": "1"
              }
            },
            "probability": 0.10
          },
          "output_state": {
            "Name": "minecraft:gray_candle",
            "Properties": {
              "candles": "2",
              "lit": "false"
            }
          }
        },
        {
          "location_predicate": {
            "predicate_type": "minecraft:always_true"
          },
          "input_predicate": {
            "predicate_type": "minecraft:random_blockstate_match",
            "block_state": {
              "Name": "minecraft:candle",
              "Properties": {
                "lit": "false",
                "candles": "1"
              }
            },
            "probability": 0.10
          },
          "output_state": {
            "Name": "minecraft:light_gray_candle",
            "Properties": {
              "candles": "2",
              "lit": "false"
            }
          }
        },
        {
          "location_predicate": {
            "predicate_type": "minecraft:always_true"
          },
          "input_predicate": {
            "predicate_type": "minecraft:random_blockstate_match",
            "block_state": {
              "Name": "minecraft:candle",
              "Properties": {
                "lit": "false",
                "candles": "1"
              }
            },
            "probability": 0.10
          },
          "output_state": {
            "Name": "minecraft:cyan_candle",
            "Properties": {
              "candles": "2",
              "lit": "false"
            }
          }
        },
        {
          "location_predicate": {
            "predicate_type": "minecraft:always_true"
          },
          "input_predicate": {
            "predicate_type": "minecraft:random_blockstate_match",
            "block_state": {
              "Name": "minecraft:candle",
              "Properties": {
                "lit": "false",
                "candles": "1"
              }
            },
            "probability": 0.10
          },
          "output_state": {
            "Name": "minecraft:purple_candle",
            "Properties": {
              "candles": "2",
              "lit": "false"
            }
          }
        },
        {
          "location_predicate": {
            "predicate_type": "minecraft:always_true"
          },
          "input_predicate": {
            "predicate_type": "minecraft:random_blockstate_match",
            "block_state": {
              "Name": "minecraft:candle",
              "Properties": {
                "lit": "false",
                "candles": "1"
              }
            },
            "probability": 0.10
          },
          "output_state": {
            "Name": "minecraft:blue_candle",
            "Properties": {
              "candles": "2",
              "lit": "false"
            }
          }
        },
        {
          "location_predicate": {
            "predicate_type": "minecraft:always_true"
          },
          "input_predicate": {
            "predicate_type": "minecraft:random_blockstate_match",
            "block_state": {
              "Name": "minecraft:candle",
              "Properties": {
                "lit": "false",
                "candles": "1"
              }
            },
            "probability": 0.10
          },
          "output_state": {
            "Name": "minecraft:brown_candle",
            "Properties": {
              "candles": "2",
              "lit": "false"
            }
          }
        },
        {
          "location_predicate": {
            "predicate_type": "minecraft:always_true"
          },
          "input_predicate": {
            "predicate_type": "minecraft:random_blockstate_match",
            "block_state": {
              "Name": "minecraft:candle",
              "Properties": {
                "lit": "false",
                "candles": "1"
              }
            },
            "probability": 0.10
          },
          "output_state": {
            "Name": "minecraft:green_candle",
            "Properties": {
              "candles": "2",
              "lit": "false"
            }
          }
        },
        {
          "location_predicate": {
            "predicate_type": "minecraft:always_true"
          },
          "input_predicate": {
            "predicate_type": "minecraft:random_blockstate_match",
            "block_state": {
              "Name": "minecraft:candle",
              "Properties": {
                "lit": "false",
                "candles": "1"
              }
            },
            "probability": 0.10
          },
          "output_state": {
            "Name": "minecraft:red_candle",
            "Properties": {
              "candles": "2",
              "lit": "false"
            }
          }
        },
        {
          "location_predicate": {
            "predicate_type": "minecraft:always_true"
          },
          "input_predicate": {
            "predicate_type": "minecraft:random_blockstate_match",
            "block_state": {
              "Name": "minecraft:candle",
              "Properties": {
                "lit": "false",
                "candles": "1"
              }
            },
            "probability": 0.10
          },
          "output_state": {
            "Name": "minecraft:black_candle",
            "Properties": {
              "candles": "2",
              "lit": "false"
            }
          }
        },
        {
          "location_predicate": {
            "predicate_type": "minecraft:always_true"
          },
          "input_predicate": {
            "predicate_type": "minecraft:random_blockstate_match",
            "block_state": {
              "Name": "minecraft:candle",
              "Properties": {
                "lit": "false",
                "candles": "1"
              }
            },
            "probability": 0.20
          },
          "output_state": {
            "Name": "minecraft:candle",
            "Properties": {
              "candles": "1",
              "lit": "false"
            }
          }
        },
        {
          "location_predicate": {
            "predicate_type": "minecraft:always_true"
          },
          "input_predicate": {
            "predicate_type": "minecraft:random_blockstate_match",
            "block_state": {
              "Name": "minecraft:candle",
              "Properties": {
                "lit": "false",
                "candles": "1"
              }
            },
            "probability": 0.20
          },
          "output_state": {
            "Name": "minecraft:white_candle",
            "Properties": {
              "candles": "1",
              "lit": "false"
            }
          }
        },
        {
          "location_predicate": {
            "predicate_type": "minecraft:always_true"
          },
          "input_predicate": {
            "predicate_type": "minecraft:random_blockstate_match",
            "block_state": {
              "Name": "minecraft:candle",
              "Properties": {
                "lit": "false",
                "candles": "1"
              }
            },
            "probability": 0.20
          },
          "output_state": {
            "Name": "minecraft:orange_candle",
            "Properties": {
              "candles": "1",
              "lit": "false"
            }
          }
        },
        {
          "location_predicate": {
            "predicate_type": "minecraft:always_true"
          },
          "input_predicate": {
            "predicate_type": "minecraft:random_blockstate_match",
            "block_state": {
              "Name": "minecraft:candle",
              "Properties": {
                "lit": "false",
                "candles": "1"
              }
            },
            "probability": 0.20
          },
          "output_state": {
            "Name": "minecraft:magenta_candle",
            "Properties": {
              "candles": "1",
              "lit": "false"
            }
          }
        },
        {
          "location_predicate": {
            "predicate_type": "minecraft:always_true"
          },
          "input_predicate": {
            "predicate_type": "minecraft:random_blockstate_match",
            "block_state": {
              "Name": "minecraft:candle",
              "Properties": {
                "lit": "false",
                "candles": "1"
              }
            },
            "probability": 0.20
          },
          "output_state": {
            "Name": "minecraft:light_blue_candle",
            "Properties": {
              "candles": "1",
              "lit": "false"
            }
          }
        },
        {
          "location_predicate": {
            "predicate_type": "minecraft:always_true"
          },
          "input_predicate": {
            "predicate_type": "minecraft:random_blockstate_match",
            "block_state": {
              "Name": "minecraft:candle",
              "Properties": {
                "lit": "false",
                "candles": "1"
              }
            },
            "probability": 0.20
          },
          "output_state": {
            "Name": "minecraft:yellow_candle",
            "Properties": {
              "candles": "1",
              "lit": "false"
            }
          }
        },
        {
          "location_predicate": {
            "predicate_type": "minecraft:always_true"
          },
          "input_predicate": {
            "predicate_type": "minecraft:random_blockstate_match",
            "block_state": {
              "Name": "minecraft:candle",
              "Properties": {
                "lit": "false",
                "candles": "1"
              }
            },
            "probability": 0.20
          },
          "output_state": {
            "Name": "minecraft:lime_candle",
            "Properties": {
              "candles": "1",
              "lit": "false"
            }
          }
        },
        {
          "location_predicate": {
            "predicate_type": "minecraft:always_true"
          },
          "input_predicate": {
            "predicate_type": "minecraft:random_blockstate_match",
            "block_state": {
              "Name": "minecraft:candle",
              "Properties": {
                "lit": "false",
                "candles": "1"
              }
            },
            "probability": 0.20
          },
          "output_state": {
            "Name": "minecraft:pink_candle",
            "Properties": {
              "candles": "1",
              "lit": "false"
            }
          }
        },
        {
          "location_predicate": {
            "predicate_type": "minecraft:always_true"
          },
          "input_predicate": {
            "predicate_type": "minecraft:random_blockstate_match",
            "block_state": {
              "Name": "minecraft:candle",
              "Properties": {
                "lit": "false",
                "candles": "1"
              }
            },
            "probability": 0.20
          },
          "output_state": {
            "Name": "minecraft:gray_candle",
            "Properties": {
              "candles": "1",
              "lit": "false"
            }
          }
        },
        {
          "location_predicate": {
            "predicate_type": "minecraft:always_true"
          },
          "input_predicate": {
            "predicate_type": "minecraft:random_blockstate_match",
            "block_state": {
              "Name": "minecraft:candle",
              "Properties": {
                "lit": "false",
                "candles": "1"
              }
            },
            "probability": 0.20
          },
          "output_state": {
            "Name": "minecraft:light_gray_candle",
            "Properties": {
              "candles": "1",
              "lit": "false"
            }
          }
        },
        {
          "location_predicate": {
            "predicate_type": "minecraft:always_true"
          },
          "input_predicate": {
            "predicate_type": "minecraft:random_blockstate_match",
            "block_state": {
              "Name": "minecraft:candle",
              "Properties": {
                "lit": "false",
                "candles": "1"
              }
            },
            "probability": 0.20
          },
          "output_state": {
            "Name": "minecraft:cyan_candle",
            "Properties": {
              "candles": "1",
              "lit": "false"
            }
          }
        },
        {
          "location_predicate": {
            "predicate_type": "minecraft:always_true"
          },
          "input_predicate": {
            "predicate_type": "minecraft:random_blockstate_match",
            "block_state": {
              "Name": "minecraft:candle",
              "Properties": {
                "lit": "false",
                "candles": "1"
              }
            },
            "probability": 0.20
          },
          "output_state": {
            "Name": "minecraft:purple_candle",
            "Properties": {
              "candles": "1",
              "lit": "false"
            }
          }
        },
        {
          "location_predicate": {
            "predicate_type": "minecraft:always_true"
          },
          "input_predicate": {
            "predicate_type": "minecraft:random_blockstate_match",
            "block_state": {
              "Name": "minecraft:candle",
              "Properties": {
                "lit": "false",
                "candles": "1"
              }
            },
            "probability": 0.20
          },
          "output_state": {
            "Name": "minecraft:blue_candle",
            "Properties": {
              "candles": "1",
              "lit": "false"
            }
          }
        },
        {
          "location_predicate": {
            "predicate_type": "minecraft:always_true"
          },
          "input_predicate": {
            "predicate_type": "minecraft:random_blockstate_match",
            "block_state": {
              "Name": "minecraft:candle",
              "Properties": {
                "lit": "false",
                "candles": "1"
              }
            },
            "probability": 0.20
          },
          "output_state": {
            "Name": "minecraft:brown_candle",
            "Properties": {
              "candles": "1",
              "lit": "false"
            }
          }
        },
        {
          "location_predicate": {
            "predicate_type": "minecraft:always_true"
          },
          "input_predicate": {
            "predicate_type": "minecraft:random_blockstate_match",
            "block_state": {
              "Name": "minecraft:candle",
              "Properties": {
                "lit": "false",
                "candles": "1"
              }
            },
            "probability": 0.20
          },
          "output_state": {
            "Name": "minecraft:green_candle",
            "Properties": {
              "candles": "1",
              "lit": "false"
            }
          }
        },
        {
          "location_predicate": {
            "predicate_type": "minecraft:always_true"
          },
          "input_predicate": {
            "predicate_type": "minecraft:random_blockstate_match",
            "block_state": {
              "Name": "minecraft:candle",
              "Properties": {
                "lit": "false",
                "candles": "1"
              }
            },
            "probability": 0.20
          },
          "output_state": {
            "Name": "minecraft:red_candle",
            "Properties": {
              "candles": "1",
              "lit": "false"
            }
          }
        },
        {
          "location_predicate": {
            "predicate_type": "minecraft:always_true"
          },
          "input_predicate": {
            "predicate_type": "minecraft:random_blockstate_match",
            "block_state": {
              "Name": "minecraft:candle",
              "Properties": {
                "lit": "false",
                "candles": "1"
              }
            },
            "probability": 0.20
          },
          "output_state": {
            "Name": "minecraft:black_candle",
            "Properties": {
              "candles": "1",
              "lit": "false"
            }
          }
        }
      ]
    }
  ]
}
