{
  "processors": [
    {
      "processor_type": "minecraft:rule",
      "rules": [
        {
          "location_predicate": {
            "predicate_type": "minecraft:block_match",
            "block": "minecraft:podzol"
          },
          "input_predicate": {
            "predicate_type": "minecraft:random_block_match",
            "block": "minecraft:grass_block",
            "probability": 1
          },
          "output_state": {
            "Name": "minecraft:podzol"
          }
        },
        {
          "location_predicate": {
            "predicate_type": "minecraft:block_match",
            "block": "minecraft:coarse_dirt"
          },
          "input_predicate": {
            "predicate_type": "minecraft:random_block_match",
            "block": "minecraft:grass_block",
            "probability": 1
          },
          "output_state": {
            "Name": "minecraft:coarse_dirt"
          }
        },
        {
          "location_predicate": {
            "predicate_type": "minecraft:block_match",
            "block": "minecraft:gravel"
          },
          "input_predicate": {
            "predicate_type": "minecraft:random_block_match",
            "block": "minecraft:grass_block",
            "probability": 0.35
          },
          "output_state": {
            "Name": "minecraft:gravel"
          }
        },
        {
          "location_predicate": {
            "predicate_type": "minecraft:block_match",
            "block": "minecraft:rooted_dirt"
          },
          "input_predicate": {
            "predicate_type": "minecraft:random_block_match",
            "block": "minecraft:grass_block",
            "probability": 1
          },
          "output_state": {
            "Name": "minecraft:rooted_dirt"
          }
        },
        {
          "location_predicate": {
            "predicate_type": "minecraft:block_match",
            "block": "minecraft:sand"
          },
          "input_predicate": {
            "predicate_type": "minecraft:random_block_match",
            "block": "minecraft:grass_block",
            "probability": 0.75
          },
          "output_state": {
            "Name": "minecraft:sand"
          }
        },
        {
          "location_predicate": {
            "predicate_type": "minecraft:block_match",
            "block": "minecraft:stone"
          },
          "input_predicate": {
            "predicate_type": "minecraft:random_block_match",
            "block": "minecraft:grass_block",
            "probability": 0.6
          },
          "output_state": {
            "Name": "minecraft:stone"
          }
        },
        {
          "location_predicate": {
            "predicate_type": "minecraft:block_match",
            "block": "minecraft:andesite"
          },
          "input_predicate": {
            "predicate_type": "minecraft:random_block_match",
            "block": "minecraft:grass_block",
            "probability": 0.6
          },
          "output_state": {
            "Name": "minecraft:andesite"
          }
        },
        {
          "location_predicate": {
            "predicate_type": "minecraft:always_true"
          },
          "input_predicate": {
            "predicate_type": "minecraft:random_block_match",
            "block": "minecraft:potatoes",
            "probability": 0.4
          },
          "output_state": {
            "Name": "minecraft:potatoes",
            "Properties": {
              "age": "5"
            }
          }
        },
        {
          "location_predicate": {
            "predicate_type": "minecraft:always_true"
          },
          "input_predicate": {
            "predicate_type": "minecraft:random_block_match",
            "block": "minecraft:potatoes",
            "probability": 0.35
          },
          "output_state": {
            "Name": "minecraft:potatoes",
            "Properties": {
              "age": "6"
            }
          }
        },
        {
          "location_predicate": {
            "predicate_type": "minecraft:always_true"
          },
          "input_predicate": {
            "predicate_type": "minecraft:random_block_match",
            "block": "minecraft:potatoes",
            "probability": 0.2
          },
          "output_state": {
            "Name": "minecraft:potatoes",
            "Properties": {
              "age": "4"
            }
          }
        },
        {
          "location_predicate": {
            "predicate_type": "minecraft:always_true"
          },
          "input_predicate": {
            "predicate_type": "minecraft:random_block_match",
            "block": "minecraft:potatoes",
            "probability": 0.15
          },
          "output_state": {
            "Name": "minecraft:potatoes",
            "Properties": {
              "age": "3"
            }
          }
        },
        {
          "location_predicate": {
            "predicate_type": "minecraft:always_true"
          },
          "input_predicate": {
            "predicate_type": "minecraft:random_block_match",
            "block": "minecraft:potatoes",
            "probability": 0.05
          },
          "output_state": {
            "Name": "minecraft:potatoes",
            "Properties": {
              "age": "2"
            }
          }
        },
        {
          "location_predicate": {
            "predicate_type": "minecraft:always_true"
          },
          "input_predicate": {
            "predicate_type": "minecraft:random_block_match",
            "block": "minecraft:potatoes",
            "probability": 0.05
          },
          "output_state": {
            "Name": "minecraft:potatoes",
            "Properties": {
              "age": "7"
            }
          }
        },
        {
          "location_predicate": {
            "predicate_type": "minecraft:always_true"
          },
          "input_predicate": {
            "predicate_type": "minecraft:random_block_match",
            "block": "minecraft:potatoes",
            "probability": 0.35
          },
          "output_state": {
            "Name": "minecraft:air"
          }
        },
        {
          "location_predicate": {
            "predicate_type": "minecraft:always_true"
          },
          "input_predicate": {
            "predicate_type": "minecraft:random_block_match",
            "block": "minecraft:potatoes",
            "probability": 0.05
          },
          "output_state": {
            "Name": "minecraft:dead_bush"
          }
        },
        {
          "location_predicate": {
            "predicate_type": "minecraft:always_true"
          },
          "input_predicate": {
            "predicate_type": "minecraft:random_block_match",
            "block": "minecraft:potatoes",
            "probability": 0.01
          },
          "output_state": {
            "Name": "minecraft:barrel"
          },
          "block_entity_modifier": {
            "type": "minecraft:append_loot",
            "loot_table": "wabi_sabi_structures:chests/potato_patch/potato_patch"
          }
        },
        {
          "location_predicate": {
            "predicate_type": "minecraft:block_match",
            "block": "minecraft:water"
          },
          "input_predicate": {
            "predicate_type": "minecraft:random_block_match",
            "block": "minecraft:grass_block",
            "probability": 0.8
          },
          "output_state": {
            "Name": "minecraft:mud"
          }
        }
      ]
    }
  ]
}
