{
  "processors": [
    {
      "processor_type": "minecraft:rule",
      "rules": [
        {
          "location_predicate": {
            "predicate_type": "minecraft:always_true"
          },
          "input_predicate": {
            "predicate_type": "minecraft:random_block_match",
            "block": "minecraft:farmland",
            "probability": 0.35
          },
          "output_state": {
            "Name": "minecraft:grass_block"
          }
        },
        {
          "location_predicate": {
            "predicate_type": "minecraft:always_true"
          },
          "input_predicate": {
            "predicate_type": "minecraft:random_block_match",
            "block": "minecraft:grass",
            "probability": 0.25
          },
          "output_state": {
            "Name": "minecraft:air"
          }
        },
        {
          "location_predicate": {
            "predicate_type": "minecraft:always_true"
          },
          "input_predicate": {
            "predicate_type": "minecraft:random_block_match",
            "block": "minecraft:grass",
            "probability": 0.3
          },
          "output_state": {
            "Name": "minecraft:wheat",
            "Properties": {
              "age": "7"
            }
          }
        },
        {
          "location_predicate": {
            "predicate_type": "minecraft:always_true"
          },
          "input_predicate": {
            "predicate_type": "minecraft:random_block_match",
            "block": "minecraft:grass",
            "probability": 0.1
          },
          "output_state": {
            "Name": "minecraft:dandelion"
          }
        },
        {
          "location_predicate": {
            "predicate_type": "minecraft:always_true"
          },
          "input_predicate": {
            "predicate_type": "minecraft:random_block_match",
            "block": "minecraft:cobweb",
            "probability": 0.35
          },
          "output_state": {
            "Name": "minecraft:air"
          }
        },
        {
          "location_predicate": {
            "predicate_type": "minecraft:always_true"
          },
          "input_predicate": {
            "predicate_type": "minecraft:random_block_match",
            "block": "minecraft:lantern",
            "probability": 0.6
          },
          "output_state": {
            "Name": "minecraft:air"
          }
        },
        {
          "location_predicate": {
            "predicate_type": "minecraft:always_true"
          },
          "input_predicate": {
            "predicate_type": "minecraft:random_block_match",
            "block": "minecraft:water",
            "probability": 0.25
          },
          "output_state": {
            "Name": "minecraft:dirt"
          }
        },
        {
          "location_predicate": {
            "predicate_type": "minecraft:always_true"
          },
          "input_predicate": {
            "predicate_type": "minecraft:random_block_match",
            "block": "minecraft:composter",
            "probability": 0.1
          },
          "output_state": {
            "Name": "minecraft:composter",
            "Properties": {
              "level": "1"
            }
          }
        },
        {
          "location_predicate": {
            "predicate_type": "minecraft:always_true"
          },
          "input_predicate": {
            "predicate_type": "minecraft:random_block_match",
            "block": "minecraft:composter",
            "probability": 0.1
          },
          "output_state": {
            "Name": "minecraft:composter",
            "Properties": {
              "level": "2"
            }
          }
        },
        {
          "location_predicate": {
            "predicate_type": "minecraft:always_true"
          },
          "input_predicate": {
            "predicate_type": "minecraft:random_block_match",
            "block": "minecraft:composter",
            "probability": 0.1
          },
          "output_state": {
            "Name": "minecraft:composter",
            "Properties": {
              "level": "3"
            }
          }
        },
        {
          "location_predicate": {
            "predicate_type": "minecraft:always_true"
          },
          "input_predicate": {
            "predicate_type": "minecraft:random_block_match",
            "block": "minecraft:composter",
            "probability": 0.1
          },
          "output_state": {
            "Name": "minecraft:composter",
            "Properties": {
              "level": "4"
            }
          }
        },
        {
          "location_predicate": {
            "predicate_type": "minecraft:always_true"
          },
          "input_predicate": {
            "predicate_type": "minecraft:random_block_match",
            "block": "minecraft:composter",
            "probability": 0.1
          },
          "output_state": {
            "Name": "minecraft:composter",
            "Properties": {
              "level": "5"
            }
          }
        },
        {
          "location_predicate": {
            "predicate_type": "minecraft:always_true"
          },
          "input_predicate": {
            "predicate_type": "minecraft:random_block_match",
            "block": "minecraft:composter",
            "probability": 0.1
          },
          "output_state": {
            "Name": "minecraft:composter",
            "Properties": {
              "level": "6"
            }
          }
        },
        {
          "location_predicate": {
            "predicate_type": "minecraft:always_true"
          },
          "input_predicate": {
            "predicate_type": "minecraft:random_block_match",
            "block": "minecraft:composter",
            "probability": 0.1
          },
          "output_state": {
            "Name": "minecraft:composter",
            "Properties": {
              "level": "7"
            }
          }
        },
        {
          "location_predicate": {
            "predicate_type": "minecraft:always_true"
          },
          "input_predicate": {
            "predicate_type": "minecraft:random_block_match",
            "block": "minecraft:composter",
            "probability": 0.1
          },
          "output_state": {
            "Name": "minecraft:composter",
            "Properties": {
              "level": "8"
            }
          }
        },
        {
          "location_predicate": {
            "predicate_type": "minecraft:always_true"
          },
          "input_predicate": {
            "predicate_type": "minecraft:random_block_match",
            "block": "minecraft:orange_candle",
            "probability": 0.25
          },
          "output_state": {
            "Name": "minecraft:air"
          }
        },
        {
          "location_predicate": {
            "predicate_type": "minecraft:always_true"
          },
          "input_predicate": {
            "predicate_type": "minecraft:random_block_match",
            "block": "minecraft:orange_candle",
            "probability": 0.5
          },
          "output_state": {
            "Name": "minecraft:orange_candle",
            "Properties": {
              "candles": "2"
            }
          }
        },
        {
          "location_predicate": {
            "predicate_type": "minecraft:always_true"
          },
          "input_predicate": {
            "predicate_type": "minecraft:random_block_match",
            "block": "minecraft:orange_candle",
            "probability": 0.25
          },
          "output_state": {
            "Name": "minecraft:orange_candle",
            "Properties": {
              "candles": "3"
            }
          }
        },
        {
          "location_predicate": {
            "predicate_type": "minecraft:always_true"
          },
          "input_predicate": {
            "predicate_type": "minecraft:random_block_match",
            "block": "minecraft:orange_candle",
            "probability": 0.05
          },
          "output_state": {
            "Name": "minecraft:orange_candle",
            "Properties": {
              "candles": "4"
            }
          }
        },
        {
          "location_predicate": {
            "predicate_type": "minecraft:always_true"
          },
          "input_predicate": {
            "predicate_type": "minecraft:random_block_match",
            "block": "minecraft:iron_bars",
            "probability": 0.03
          },
          "output_state": {
            "Name": "minecraft:air"
          }
        },
        {
          "location_predicate": {
            "predicate_type": "minecraft:always_true"
          },
          "input_predicate": {
            "predicate_type": "minecraft:random_blockstate_match",
            "block_state": {
              "Name": "minecraft:smoker",
              "Properties": {
                "facing": "west"
              }
            },
            "probability": 0.15
          },
          "output_state": {
            "Name": "minecraft:smoker",
            "Properties": {
              "facing": "west"
            }
          },
          "block_entity_modifier": {
            "type": "minecraft:append_static",
            "data": {"Items":[{"Slot":2,"id":"minecraft:cooked_cod","Count":2}]}
          }
        },
        {
          "location_predicate": {
            "predicate_type": "minecraft:always_true"
          },
          "input_predicate": {
            "predicate_type": "minecraft:random_blockstate_match",
            "block_state": {
              "Name": "minecraft:smoker",
              "Properties": {
                "facing": "west"
              }
            },
            "probability": 0.05
          },
          "output_state": {
            "Name": "minecraft:smoker",
            "Properties": {
              "facing": "west"
            }
          },
          "block_entity_modifier": {
            "type": "minecraft:append_static",
            "data": {"Items":[{"Slot":2,"id":"minecraft:cooked_cod","Count":1}]}
          }
        },
        {
          "location_predicate": {
            "predicate_type": "minecraft:always_true"
          },
          "input_predicate": {
            "predicate_type": "minecraft:random_blockstate_match",
            "block_state": {
              "Name": "minecraft:smoker",
              "Properties": {
                "facing": "west"
              }
            },
            "probability": 0.05
          },
          "output_state": {
            "Name": "minecraft:smoker",
            "Properties": {
              "facing": "west"
            }
          },
          "block_entity_modifier": {
            "type": "minecraft:append_static",
            "data": {"Items":[{"Slot":1,"id":"minecraft:stick","Count":1}]}
          }
        },
        {
          "location_predicate": {
            "predicate_type": "minecraft:always_true"
          },
          "input_predicate": {
            "predicate_type": "minecraft:random_blockstate_match",
            "block_state": {
              "Name": "minecraft:smoker",
              "Properties": {
                "facing": "west"
              }
            },
            "probability": 0.25
          },
          "output_state": {
            "Name": "minecraft:smoker",
            "Properties": {
              "facing": "west"
            }
          },
          "block_entity_modifier": {
            "type": "minecraft:append_static",
            "data": {"Items":[{"Slot":1,"id":"minecraft:stick","Count":5}]}
          }
        },
        {
          "location_predicate": {
            "predicate_type": "minecraft:always_true"
          },
          "input_predicate": {
            "predicate_type": "minecraft:random_blockstate_match",
            "block_state": {
              "Name": "minecraft:smoker",
              "Properties": {
                "facing": "west"
              }
            },
            "probability": 0.4
          },
          "output_state": {
            "Name": "minecraft:smoker",
            "Properties": {
              "facing": "west"
            }
          },
          "block_entity_modifier": {
            "type": "minecraft:append_static",
            "data": {"Items":[{"Slot":1,"id":"minecraft:stick","Count":8}]}
          }
        },
        {
          "location_predicate": {
            "predicate_type": "minecraft:always_true"
          },
          "input_predicate": {
            "predicate_type": "minecraft:random_blockstate_match",
            "block_state": {
              "Name": "minecraft:smoker",
              "Properties": {
                "facing": "west"
              }
            },
            "probability": 0.5
          },
          "output_state": {
            "Name": "minecraft:smoker",
            "Properties": {
              "facing": "west"
            }
          },
          "block_entity_modifier": {
            "type": "minecraft:append_static",
            "data": {"Items":[{"Slot":1,"id":"minecraft:stick","Count":7}]}
          }
        }
      ]
    }
  ]
}
