{
  "processors": [
    {
      "processor_type": "minecraft:rule",
      "rules": [
        {
          "location_predicate": {
            "predicate_type": "minecraft:always_true"
          },
          "input_predicate": {
            "predicate_type": "minecraft:random_block_match",
            "block": "minecraft:suspicious_gravel",
            "probability": 0.01
          },
          "output_state": {
            "Name": "minecraft:gold_ore"
          }
        },
        {
          "location_predicate": {
            "predicate_type": "minecraft:always_true"
          },
          "input_predicate": {
            "predicate_type": "minecraft:random_block_match",
            "block": "minecraft:suspicious_gravel",
            "probability": 0.02
          },
          "output_state": {
            "Name": "minecraft:iron_ore"
          }
        },
        {
          "location_predicate": {
            "predicate_type": "minecraft:always_true"
          },
          "input_predicate": {
            "predicate_type": "minecraft:random_block_match",
            "block": "minecraft:suspicious_gravel",
            "probability": 0.05
          },
          "output_state": {
            "Name": "minecraft:coal_ore"
          }
        },
        {
          "location_predicate": {
            "predicate_type": "minecraft:always_true"
          },
          "input_predicate": {
            "predicate_type": "minecraft:random_block_match",
            "block": "minecraft:suspicious_gravel",
            "probability": 0.15
          },
          "output_state": {
            "Name": "minecraft:stone"
          }
        },
        {
          "location_predicate": {
            "predicate_type": "minecraft:always_true"
          },
          "input_predicate": {
            "predicate_type": "minecraft:random_block_match",
            "block": "minecraft:composter",
            "probability": 0.1
          },
          "output_state": {
            "Name": "minecraft:composter",
            "Properties": {
              "level": "1"
            }
          }
        },
        {
          "location_predicate": {
            "predicate_type": "minecraft:always_true"
          },
          "input_predicate": {
            "predicate_type": "minecraft:random_block_match",
            "block": "minecraft:composter",
            "probability": 0.1
          },
          "output_state": {
            "Name": "minecraft:composter",
            "Properties": {
              "level": "2"
            }
          }
        },
        {
          "location_predicate": {
            "predicate_type": "minecraft:always_true"
          },
          "input_predicate": {
            "predicate_type": "minecraft:random_block_match",
            "block": "minecraft:composter",
            "probability": 0.1
          },
          "output_state": {
            "Name": "minecraft:composter",
            "Properties": {
              "level": "3"
            }
          }
        },
        {
          "location_predicate": {
            "predicate_type": "minecraft:always_true"
          },
          "input_predicate": {
            "predicate_type": "minecraft:random_block_match",
            "block": "minecraft:composter",
            "probability": 0.1
          },
          "output_state": {
            "Name": "minecraft:composter",
            "Properties": {
              "level": "4"
            }
          }
        },
        {
          "location_predicate": {
            "predicate_type": "minecraft:always_true"
          },
          "input_predicate": {
            "predicate_type": "minecraft:random_block_match",
            "block": "minecraft:composter",
            "probability": 0.1
          },
          "output_state": {
            "Name": "minecraft:composter",
            "Properties": {
              "level": "5"
            }
          }
        },
        {
          "location_predicate": {
            "predicate_type": "minecraft:always_true"
          },
          "input_predicate": {
            "predicate_type": "minecraft:random_block_match",
            "block": "minecraft:composter",
            "probability": 0.1
          },
          "output_state": {
            "Name": "minecraft:composter",
            "Properties": {
              "level": "6"
            }
          }
        },
        {
          "location_predicate": {
            "predicate_type": "minecraft:always_true"
          },
          "input_predicate": {
            "predicate_type": "minecraft:random_block_match",
            "block": "minecraft:composter",
            "probability": 0.1
          },
          "output_state": {
            "Name": "minecraft:composter",
            "Properties": {
              "level": "7"
            }
          }
        },
        {
          "location_predicate": {
            "predicate_type": "minecraft:always_true"
          },
          "input_predicate": {
            "predicate_type": "minecraft:random_block_match",
            "block": "minecraft:composter",
            "probability": 0.1
          },
          "output_state": {
            "Name": "minecraft:composter",
            "Properties": {
              "level": "8"
            }
          }
        },
        {
          "location_predicate": {
            "predicate_type": "minecraft:always_true"
          },
          "input_predicate": {
            "predicate_type": "minecraft:random_block_match",
            "block": "minecraft:suspicious_gravel",
            "probability": 0.66
          },
          "output_state": {
            "Name": "minecraft:gravel"
          }
        }
      ]
    }
  ]
}
