{
  "processors": [
    {
      "processor_type": "minecraft:rule",
      "rules": [
        {
          "input_predicate": {
            "predicate_type": "minecraft:random_block_match",
            "block": "minecraft:grass_block",
            "probability": 1.0
          },
          "location_predicate": {
            "block": "minecraft:snow_block",
            "predicate_type": "minecraft:block_match"
          },
          "output_state": {
            "Name": "minecraft:snow_block"
          }
		},
        {
          "input_predicate": {
            "predicate_type": "minecraft:random_block_match",
            "block": "minecraft:grass_block",
            "probability": 1.0
          },
          "location_predicate": {
            "block": "minecraft:powdered_snow",
            "predicate_type": "minecraft:block_match"
          },
          "output_state": {
            "Name": "minecraft:powdered_snow"
          }
		},
        {
          "input_predicate": {
            "predicate_type": "minecraft:random_block_match",
            "block": "minecraft:grass_block",
            "probability": 1.0
          },
          "location_predicate": {
            "block": "minecraft:ice",
            "predicate_type": "minecraft:block_match"
          },
          "output_state": {
            "Name": "minecraft:ice"
          }
		},
        {
          "input_predicate": {
            "predicate_type": "minecraft:random_block_match",
            "block": "minecraft:grass_block",
            "probability": 1.0
          },
          "location_predicate": {
            "block": "minecraft:packed_ice",
            "predicate_type": "minecraft:block_match"
          },
          "output_state": {
            "Name": "minecraft:packed_ice"
          }
		}
      ]
    }
  ]
}