{
    "pools": [
      {
        "rolls": 1,
        "entries": [
          {
            "type": "minecraft:item",
            "name": "minecraft:stone_axe",
            "weight": 1,
            "quality": 3
          },
          {
            "type": "minecraft:item",
            "name": "minecraft:stone_pickaxe",
            "weight": 1,
            "quality": 3
          },
          {
            "type": "minecraft:item",
            "name": "minecraft:stone_shovel",
            "weight": 1,
            "quality": 2
          },
          {
            "type": "minecraft:item",
            "name": "minecraft:stone_hoe",
            "weight": 1,
            "quality": 1
          },
          {
            "type": "minecraft:item",
            "name": "minecraft:stone_sword",
            "weight": 1,
            "quality": 3
          }
        ],
        "functions": [
          {
            "function": "minecraft:enchant_with_levels",
            "levels": {
              "min": 10,
              "max": 20
            },
            "treasure": true,
            "conditions": [
              {
                "condition": "minecraft:random_chance",
                "chance": 0.8
              }
            ]
          }
        ]
      }
    ]
  }
  