{
    "pools": [
      {
        "rolls": {
          "min": 6,
          "max": 12
        },
        "entries": [
          {
            "type": "minecraft:item",
            "name": "minecraft:book",
            "weight": 1,
            "quality": 5,
            "functions": [
              {
                "function": "minecraft:enchant_with_levels",
                "levels": 30,
                "treasure": true
              }
            ]
          },
          {
            "type": "minecraft:item",
            "name": "minecraft:emerald",
            "weight": 3,
            "quality": 2,
            "functions": [
              {
                "function": "minecraft:set_count",
                "count": {
                  "min": 1,
                  "max": 16
                }
              }
            ]
          },
          {
            "type": "minecraft:item",
            "name": "minecraft:gold_ingot",
            "weight": 3,
            "quality": 4,
            "functions": [
              {
                "function": "minecraft:set_count",
                "count": {
                  "min": 1,
                  "max": 12
                }
              }
            ]
          },
          {
            "type": "minecraft:item",
            "name": "minecraft:diamond",
            "weight": 3,
            "quality": 6,
            "functions": [
              {
                "function": "minecraft:set_count",
                "count": {
                  "min": 1,
                  "max": 8
                }
              }
            ]
          }
        ]
      }
    ]
  }
  