{
  "name": "battle_towers:overworld/additions",
  "fallback": "minecraft:empty",
  "elements": [
    {
      "weight": 2,
      "element":
      {
        "location": "battle_towers:spawners/spawner_zombie",
        "processors": "minecraft:empty",
        "projection": "rigid",
        "element_type": "minecraft:single_pool_element"
      }
    },
    {
      "weight": 2,
      "element":
      {
        "location": "battle_towers:spawners/spawner_spider",
        "processors": "minecraft:empty",
        "projection": "rigid",
        "element_type": "minecraft:single_pool_element"
      }
    },
    {
      "weight": 2,
      "element":
      {
        "location": "battle_towers:spawners/spawner_skeleton",
        "processors": "minecraft:empty",
        "projection": "rigid",
        "element_type": "minecraft:single_pool_element"
      }
    },
    {
      "weight": 1,
      "element":
      {
        "location": "battle_towers:spawners/spawner_cave_spider",
        "processors": "minecraft:empty",
        "projection": "rigid",
        "element_type": "minecraft:single_pool_element"
      }
    },
    {
      "weight": 1,
      "element":
      {
        "location": "battle_towers:spawners/spawner_husk",
        "processors": "minecraft:empty",
        "projection": "rigid",
        "element_type": "minecraft:single_pool_element"
      }
    },
    {
      "weight": 2,
      "element":
      {
        "location": "battle_towers:spawners/spawner_stray",
        "processors": "minecraft:empty",
        "projection": "rigid",
        "element_type": "minecraft:single_pool_element"
      }
    }
  ]
}
