{
    "name": "battle_towers:overworld/floor",
    "fallback": "battle_towers:overworld/fallback",
    "elements": [
      {
        "weight": 9,
        "element":
        {
          "location": "battle_towers:overworld/floor",
          "processors": "battle_towers:tower_flavor",
          "projection": "rigid",
          "element_type": "minecraft:single_pool_element"
        }
      },
      {
        "weight": 1,
        "element":
        {
          "location": "battle_towers:overworld/top",
          "processors": "battle_towers:tower_flavor",
          "projection": "rigid",
          "element_type": "minecraft:single_pool_element"
        }
      }
    ]
}
  