{
  "type": "minecraft:archaeology",
  "pools": [
    {
      "rolls": 1,
      "entries": [
        {
          "type": "minecraft:item",
          "weight": 5,
          "name": "minecraft:prismarine_shard"
        },
        {
          "type": "minecraft:item",
          "weight": 5,
          "name": "minecraft:prismarine_crystals"
        },
        {
          "type": "minecraft:item",
          "weight": 3,
          "name": "minecraft:nautilus_shell"
        },
        {
          "type": "minecraft:item",
          "weight": 3,
          "name": "minecraft:tide_armor_trim_smithing_template"
        },
        {
          "type": "minecraft:item",
          "weight": 1,
          "name": "minecraft:mourner_pottery_sherd"
        },
        {
          "type": "minecraft:item",
          "weight": 1,
          "name": "minecraft:angler_pottery_sherd"
        },
        {
          "type": "minecraft:item",
          "weight": 1,
          "name": "minecraft:blade_pottery_sherd"
        },
        {
          "type": "minecraft:item",
          "weight": 1,
          "name": "minecraft:snort_pottery_sherd"
        },
        {
          "type": "minecraft:item",
          "weight": 5,
          "name": "minecraft:turtle_egg"
        },
        {
          "type": "minecraft:item",
          "weight": 2,
          "name": "minecraft:sniffer_egg"
        },
        {
          "type": "minecraft:item",
          "weight": 4,
          "name": "minecraft:scute"
        }
      ]
    }
  ],
  "random_sequence": "wabi_sabi_structures:archaeology/marine_observation_hub/marine_observation_hub_archaeology"
}
