{
  "type": "minecraft:chest",
  "pools": [
    {
      "rolls": {
        "type": "minecraft:uniform",
        "min": 1,
        "max": 3
      },
      "entries": [
        {
          "type": "minecraft:item",
          "name": "minecraft:firework_rocket",
          "functions": [
            {
              "function": "minecraft:set_nbt",
              "tag": "{Fireworks:{Explosions:[{Colors:[I;11743532],Type:0b}],Flight:1b}}"
            }
          ]
        },
        {
          "type": "minecraft:item",
          "name": "minecraft:firework_rocket",
          "functions": [
            {
              "function": "minecraft:set_nbt",
              "tag": "{Fireworks:{Explosions:[{Colors:[I;11743532],Type:0b}],Flight:2b}}"
            }
          ]
        },
        {
          "type": "minecraft:item",
          "name": "minecraft:firework_rocket",
          "functions": [
            {
              "function": "minecraft:set_nbt",
              "tag": "{Fireworks:{Explosions:[{Colors:[I;11743532],Type:0b}],Flight:3b}}"
            }
          ]
        },
        {
          "type": "minecraft:item",
          "name": "minecraft:firework_rocket",
          "functions": [
            {
              "function": "minecraft:set_nbt",
              "tag": "{Fireworks:{Explosions:[{Colors:[I;2437522],Type:0b}],Flight:1b}}"
            }
          ]
        },
        {
          "type": "minecraft:item",
          "name": "minecraft:firework_rocket",
          "functions": [
            {
              "function": "minecraft:set_nbt",
              "tag": "{Fireworks:{Explosions:[{Colors:[I;2437522],Type:0b}],Flight:2b}}"
            }
          ]
        },
        {
          "type": "minecraft:item",
          "name": "minecraft:firework_rocket",
          "functions": [
            {
              "function": "minecraft:set_nbt",
              "tag": "{Fireworks:{Explosions:[{Colors:[I;2437522],Type:0b}],Flight:3b}}"
            }
          ]
        },
        {
          "type": "minecraft:item",
          "name": "minecraft:firework_rocket",
          "functions": [
            {
              "function": "minecraft:set_nbt",
              "tag": "{Fireworks:{Explosions:[{Colors:[I;3887386],Type:0b}],Flight:1b}}"
            }
          ]
        },
        {
          "type": "minecraft:item",
          "name": "minecraft:firework_rocket",
          "functions": [
            {
              "function": "minecraft:set_nbt",
              "tag": "{Fireworks:{Explosions:[{Colors:[I;3887386],Type:0b}],Flight:2b}}"
            }
          ]
        },
        {
          "type": "minecraft:item",
          "name": "minecraft:firework_rocket",
          "functions": [
            {
              "function": "minecraft:set_nbt",
              "tag": "{Fireworks:{Explosions:[{Colors:[I;3887386],Type:0b}],Flight:3b}}"
            }
          ]
        },
        {
          "type": "minecraft:item",
          "name": "minecraft:firework_rocket",
          "functions": [
            {
              "function": "minecraft:set_nbt",
              "tag": "{Fireworks:{Explosions:[{Colors:[I;14602026],Type:0b}],Flight:1b}}"
            }
          ]
        },
        {
          "type": "minecraft:item",
          "name": "minecraft:firework_rocket",
          "functions": [
            {
              "function": "minecraft:set_nbt",
              "tag": "{Fireworks:{Explosions:[{Colors:[I;14602026],Type:0b}],Flight:2b}}"
            }
          ]
        },
        {
          "type": "minecraft:item",
          "name": "minecraft:firework_rocket",
          "functions": [
            {
              "function": "minecraft:set_nbt",
              "tag": "{Fireworks:{Explosions:[{Colors:[I;14602026],Type:0b}],Flight:3b}}"
            }
          ]
        },
        {
          "type": "minecraft:item",
          "name": "minecraft:firework_rocket",
          "functions": [
            {
              "function": "minecraft:set_nbt",
              "tag": "{Fireworks:{Explosions:[{Colors:[I;2651799],Type:0b}],Flight:1b}}"
            }
          ]
        },
        {
          "type": "minecraft:item",
          "name": "minecraft:firework_rocket",
          "functions": [
            {
              "function": "minecraft:set_nbt",
              "tag": "{Fireworks:{Explosions:[{Colors:[I;2651799],Type:0b}],Flight:2b}}"
            }
          ]
        },
        {
          "type": "minecraft:item",
          "name": "minecraft:firework_rocket",
          "functions": [
            {
              "function": "minecraft:set_nbt",
              "tag": "{Fireworks:{Explosions:[{Colors:[I;2651799],Type:0b}],Flight:3b}}"
            }
          ]
        },
        {
          "type": "minecraft:item",
          "name": "minecraft:firework_rocket",
          "functions": [
            {
              "function": "minecraft:set_nbt",
              "tag": "{Fireworks:{Explosions:[{Colors:[I;12801229],Type:0b}],Flight:1b}}"
            }
          ]
        },
        {
          "type": "minecraft:item",
          "name": "minecraft:firework_rocket",
          "functions": [
            {
              "function": "minecraft:set_nbt",
              "tag": "{Fireworks:{Explosions:[{Colors:[I;12801229],Type:0b}],Flight:2b}}"
            }
          ]
        },
        {
          "type": "minecraft:item",
          "name": "minecraft:firework_rocket",
          "functions": [
            {
              "function": "minecraft:set_nbt",
              "tag": "{Fireworks:{Explosions:[{Colors:[I;12801229],Type:0b}],Flight:3b}}"
            }
          ]
        }
      ]
    }
  ],
  "random_sequence": "wabi_sabi_structures:chests/generic/generic_firework_dispenser"
}
