{
  "type": "minecraft:archaeology",
  "pools": [
    {
      "rolls": 1,
      "entries": [
        {
          "type": "minecraft:item",
          "weight": 2,
          "name": "minecraft:blue_concrete"
        },
        {
          "type": "minecraft:item",
          "weight": 2,
          "name": "minecraft:purple_concrete"
        },
        {
          "type": "minecraft:item",
          "weight": 2,
          "name": "minecraft:brown_concrete"
        },
        {
          "type": "minecraft:item",
          "weight": 2,
          "name": "minecraft:gray_concrete"
        },
        {
          "type": "minecraft:item",
          "weight": 2,
          "name": "minecraft:light_gray_concrete"
        },
        {
          "type": "minecraft:item",
          "weight": 2,
          "name": "minecraft:cyan_concrete"
        },
        {
          "type": "minecraft:item",
          "weight": 6,
          "name": "minecraft:dried_kelp"
        },
        {
          "type": "minecraft:item",
          "weight": 6,
          "name": "minecraft:andesite"
        },
        {
          "type": "minecraft:item",
          "weight": 6,
          "name": "minecraft:glass_bottle"
        },
        {
          "type": "minecraft:item",
          "weight": 6,
          "name": "minecraft:redstone"
        },
        {
          "type": "minecraft:item",
          "weight": 6,
          "name": "minecraft:bricks"
        },
        {
          "type": "minecraft:item",
          "weight": 3,
          "name": "minecraft:experience_bottle"
        },
        {
          "type": "minecraft:item",
          "weight": 3,
          "name": "minecraft:plenty_pottery_sherd"
        },
        {
          "type": "minecraft:item",
          "weight": 3,
          "name": "minecraft:danger_pottery_sherd"
        },
        {
          "type": "minecraft:item",
          "weight": 6,
          "name": "minecraft:stick"
        },
        {
          "type": "minecraft:item",
          "weight": 3,
          "name": "minecraft:iron_ingot"
        }
      ]
    }
  ],
  "random_sequence": "wabi_sabi_structures:archaeology/concrete_mill_ruins/concrete_mill_ruins_shore_archaeology"
}
