{
  "type": "minecraft:chest",
  "pools": [
    {
      "rolls": {
        "type": "minecraft:uniform",
        "min": 3,
        "max": 4
      },
      "entries": [
        {
          "type": "minecraft:item",
          "weight": 12,
          "name": "minecraft:gunpowder",
          "functions": [
            {
              "function": "minecraft:set_count",
              "count": {
                "type": "minecraft:uniform",
                "min": 1,
                "max": 4
              },
              "add": false
            }
          ]
        },
        {
          "type": "minecraft:item",
          "weight": 15,
          "name": "minecraft:gray_concrete_powder",
          "functions": [
            {
              "function": "minecraft:set_count",
              "count": {
                "type": "minecraft:uniform",
                "min": 1,
                "max": 3
              },
              "add": false
            }
          ]
        },
        {
          "type": "minecraft:item",
          "weight": 3,
          "name": "minecraft:tnt"
        },
        {
          "type": "minecraft:item",
          "weight": 5,
          "name": "minecraft:fire_charge",
          "functions": [
            {
              "function": "minecraft:set_count",
              "count": {
                "type": "minecraft:uniform",
                "min": 1,
                "max": 2
              },
              "add": false
            }
          ]
        }
      ]
    },
    {
      "rolls": {
        "type": "minecraft:uniform",
        "min": 0,
        "max": 2
      },
      "entries": [
        {
          "type": "minecraft:item",
          "name": "minecraft:firework_star",
          "functions": [
            {
              "function": "minecraft:set_nbt",
              "tag": "{Explosion:{Colors:[I;11743532],Type:0b}}"
            }
          ]
        },
        {
          "type": "minecraft:item",
          "name": "minecraft:firework_star",
          "functions": [
            {
              "function": "minecraft:set_nbt",
              "tag": "{Explosion:{Colors:[I;2437522],Type:0b}}"
            }
          ]
        },
        {
          "type": "minecraft:item",
          "name": "minecraft:firework_star",
          "functions": [
            {
              "function": "minecraft:set_nbt",
              "tag": "{Explosion:{Colors:[I;3887386],Type:0b}}"
            }
          ]
        }
      ]
    },
    {
      "rolls": 1,
      "entries": [
        {
          "type": "minecraft:empty",
          "weight": 48
        },
        {
          "type": "minecraft:item",
          "weight": 1,
          "name": "minecraft:creeper_banner_pattern"
        },
        {
          "type": "minecraft:item",
          "weight": 1,
          "name": "minecraft:creeper_head"
        }
      ]
    }
  ],
  "random_sequence": "wabi_sabi_structures:chests/bamboo_firework_site/bamboo_firework_site_gunpowder"
}
