{
    "type": "minecraft:jigsaw",
    "biomes": "#wabi_sabi_structures:has_structure/warped_ender_claw",
    "adapt_noise": true,
	"spawn_overrides": {
	  "monster": {
        "bounding_box": "piece",
        "spawns": [
          {
            "type": "minecraft:enderman",
            "weight": 2,
            "minCount": 1,
            "maxCount": 1
          }
        ]
      }
    },
	"terrain_adaption": "beard_box",
    "start_pool": "wabi_sabi_structures:warped_ender_claw",
    "size": 7,
    "step": "underground_decoration",
	"start_height": {
      "type": "minecraft:uniform",
      "min_inclusive": {
        "absolute": 33
      },
      "max_inclusive": {
        "absolute": 99
      }
    },
    "max_distance_from_center": 50,
    "use_expansion_hack": false
}
