{
    "name": "wabi_sabi_structures:lighthouse",
    "fallback": "minecraft:empty",
    "elements": [
        {
            "weight": 6,
            "element": {
                "element_type": "minecraft:single_pool_element",
                "location": "wabi_sabi_structures:lighthouse/small_lighthouse",
                "projection": "rigid",
                "processors": "wabi_sabi_structures:small_lighthouse"
            }
        },
        {
            "weight": 3,
            "element": {
                "element_type": "minecraft:single_pool_element",
                "location": "wabi_sabi_structures:lighthouse/big_lighthouse",
                "projection": "rigid",
                "processors": "wabi_sabi_structures:big_lighthouse"
            }
        },
	    {
            "weight": 1,
            "element": {
                "element_type": "minecraft:single_pool_element",
                "projection": "rigid",
                "location": "wabi_sabi_structures:lighthouse/lost_lighthouse",
                "processors": "wabi_sabi_structures:lost_lighthouse"
            }
        }
    ]
}