{
  "name": "wabi_sabi_structures:monster_egg",
  "fallback": "minecraft:empty",
  "elements": [
    {
      "weight": 16,
      "element": {
        "element_type": "minecraft:single_pool_element",
        "projection": "rigid",
        "location": "wabi_sabi_structures:monster_egg/monster_egg_small_1",
        "processors": "wabi_sabi_structures:monster_egg"
      }
    },
    {
      "weight": 20,
      "element": {
        "element_type": "minecraft:single_pool_element",
        "projection": "rigid",
        "location": "wabi_sabi_structures:monster_egg/monster_egg_small_2",
        "processors": "wabi_sabi_structures:monster_egg"
      }
    },
    {
      "weight": 16,
      "element": {
        "element_type": "minecraft:single_pool_element",
        "projection": "rigid",
        "location": "wabi_sabi_structures:monster_egg/monster_egg_small_3",
        "processors": "wabi_sabi_structures:monster_egg"
      }
    },
    {
      "weight": 20,
      "element": {
        "element_type": "minecraft:single_pool_element",
        "projection": "rigid",
        "location": "wabi_sabi_structures:monster_egg/monster_egg_small_4",
        "processors": "wabi_sabi_structures:monster_egg"
      }
    },
    {
      "weight": 12,
      "element": {
        "element_type": "minecraft:single_pool_element",
        "projection": "rigid",
        "location": "wabi_sabi_structures:monster_egg/monster_egg_medium_1",
        "processors": "wabi_sabi_structures:monster_egg"
      }
    },
    {
      "weight": 14,
      "element": {
        "element_type": "minecraft:single_pool_element",
        "projection": "rigid",
        "location": "wabi_sabi_structures:monster_egg/monster_egg_medium_2",
        "processors": "wabi_sabi_structures:monster_egg"
      }
    },
    {
      "weight": 10,
      "element": {
        "element_type": "minecraft:single_pool_element",
        "projection": "rigid",
        "location": "wabi_sabi_structures:monster_egg/monster_egg_medium_3",
        "processors": "wabi_sabi_structures:monster_egg"
      }
    },
    {
      "weight": 12,
      "element": {
        "element_type": "minecraft:single_pool_element",
        "projection": "rigid",
        "location": "wabi_sabi_structures:monster_egg/monster_egg_medium_4",
        "processors": "wabi_sabi_structures:monster_egg"
      }
    },
    {
      "weight": 8,
      "element": {
        "element_type": "minecraft:single_pool_element",
        "projection": "rigid",
        "location": "wabi_sabi_structures:monster_egg/monster_egg_large_1",
        "processors": "wabi_sabi_structures:monster_egg"
      }
    },
    {
      "weight": 9,
      "element": {
        "element_type": "minecraft:single_pool_element",
        "projection": "rigid",
        "location": "wabi_sabi_structures:monster_egg/monster_egg_large_2",
        "processors": "wabi_sabi_structures:monster_egg"
      }
    }
  ]
}
