{
  "name": "wabi_sabi_structures:obsidian_egg",
  "fallback": "minecraft:empty",
  "elements": [
    {
      "weight": 3,
      "element": {
        "element_type": "minecraft:single_pool_element",
        "projection": "rigid",
        "location": "wabi_sabi_structures:obsidian_egg/small_obsidian_egg",
        "processors": "wabi_sabi_structures:obsidian_egg"
      }
    },
    {
      "weight": 3,
      "element": {
        "element_type": "minecraft:single_pool_element",
        "projection": "rigid",
        "location": "wabi_sabi_structures:obsidian_egg/small_obsidian_egg_side",
        "processors": "wabi_sabi_structures:obsidian_egg"
      }
    },
    {
      "weight": 1,
      "element": {
        "element_type": "minecraft:single_pool_element",
        "projection": "rigid",
        "location": "wabi_sabi_structures:obsidian_egg/medium_obsidian_egg",
        "processors": "wabi_sabi_structures:obsidian_egg"
      }
    },
    {
      "weight": 1,
      "element": {
        "element_type": "minecraft:single_pool_element",
        "projection": "rigid",
        "location": "wabi_sabi_structures:obsidian_egg/medium_obsidian_egg_side",
        "processors": "wabi_sabi_structures:obsidian_egg"
      }
    }
  ]
}
