{
  "name": "wabi_sabi_structures:potato_patch",
  "fallback": "minecraft:empty",
  "elements": [
    {
      "weight": 10,
      "element": {
        "element_type": "minecraft:single_pool_element",
        "projection": "terrain_matching",
        "location": "wabi_sabi_structures:potato_patch/one_potato_plant",
        "processors": "minecraft:empty"
      }
    },
    {
      "weight": 5,
      "element": {
        "element_type": "minecraft:single_pool_element",
        "projection": "terrain_matching",
        "location": "wabi_sabi_structures:potato_patch/mini_potato_patch_variant_1",
        "processors": "wabi_sabi_structures:potato_patch"
      }
    },
    {
      "weight": 5,
      "element": {
        "element_type": "minecraft:single_pool_element",
        "projection": "terrain_matching",
        "location": "wabi_sabi_structures:potato_patch/mini_potato_patch_variant_2",
        "processors": "wabi_sabi_structures:potato_patch"
      }
    },
    {
      "weight": 5,
      "element": {
        "element_type": "minecraft:single_pool_element",
        "projection": "terrain_matching",
        "location": "wabi_sabi_structures:potato_patch/mini_potato_patch_variant_3",
        "processors": "wabi_sabi_structures:potato_patch"
      }
    },
    {
      "weight": 5,
      "element": {
        "element_type": "minecraft:single_pool_element",
        "projection": "terrain_matching",
        "location": "wabi_sabi_structures:potato_patch/mini_potato_patch_variant_4",
        "processors": "wabi_sabi_structures:potato_patch"
      }
    },
    {
      "weight": 5,
      "element": {
        "element_type": "minecraft:single_pool_element",
        "projection": "terrain_matching",
        "location": "wabi_sabi_structures:potato_patch/mini_potato_patch_variant_5",
        "processors": "wabi_sabi_structures:potato_patch"
      }
    },
    {
      "weight": 4,
      "element": {
        "element_type": "minecraft:single_pool_element",
        "projection": "terrain_matching",
        "location": "wabi_sabi_structures:potato_patch/tiny_potato_patch_variant_1",
        "processors": "wabi_sabi_structures:potato_patch"
      }
    },
    {
      "weight": 4,
      "element": {
        "element_type": "minecraft:single_pool_element",
        "projection": "terrain_matching",
        "location": "wabi_sabi_structures:potato_patch/tiny_potato_patch_variant_2",
        "processors": "wabi_sabi_structures:potato_patch"
      }
    },
    {
      "weight": 4,
      "element": {
        "element_type": "minecraft:single_pool_element",
        "projection": "terrain_matching",
        "location": "wabi_sabi_structures:potato_patch/tiny_potato_patch_variant_3",
        "processors": "wabi_sabi_structures:potato_patch"
      }
    },
    {
      "weight": 4,
      "element": {
        "element_type": "minecraft:single_pool_element",
        "projection": "terrain_matching",
        "location": "wabi_sabi_structures:potato_patch/tiny_potato_patch_variant_4",
        "processors": "wabi_sabi_structures:potato_patch"
      }
    },
    {
      "weight": 3,
      "element": {
        "element_type": "minecraft:single_pool_element",
        "projection": "terrain_matching",
        "location": "wabi_sabi_structures:potato_patch/small_potato_patch_variant_1",
        "processors": "wabi_sabi_structures:potato_patch"
      }
    },
    {
      "weight": 3,
      "element": {
        "element_type": "minecraft:single_pool_element",
        "projection": "terrain_matching",
        "location": "wabi_sabi_structures:potato_patch/small_potato_patch_variant_2",
        "processors": "wabi_sabi_structures:potato_patch"
      }
    },
    {
      "weight": 3,
      "element": {
        "element_type": "minecraft:single_pool_element",
        "projection": "terrain_matching",
        "location": "wabi_sabi_structures:potato_patch/small_potato_patch_variant_3",
        "processors": "wabi_sabi_structures:potato_patch"
      }
    },
    {
      "weight": 1,
      "element": {
        "element_type": "minecraft:single_pool_element",
        "projection": "terrain_matching",
        "location": "wabi_sabi_structures:potato_patch/potato_field_variant_1",
        "processors": "wabi_sabi_structures:potato_field"
      }
    },
    {
      "weight": 1,
      "element": {
        "element_type": "minecraft:single_pool_element",
        "projection": "terrain_matching",
        "location": "wabi_sabi_structures:potato_patch/potato_field_variant_2",
        "processors": "wabi_sabi_structures:potato_field"
      }
    }
  ]
}
