{
	"temperature": 2,
	"downfall": 0,
	"has_precipitation": false,
  "effects": {
    "additions_sound": {
      "sound": "minecraft:ambient.nether_wastes.additions",
      "tick_chance": 0.0111
    },
    "ambient_sound": "minecraft:ambient.nether_wastes.loop",
    "fog_color": 3344392,
    "mood_sound": {
      "block_search_extent": 8,
      "offset": 2,
      "sound": "minecraft:ambient.nether_wastes.mood",
      "tick_delay": 6000
    },
    "music": [
      {
        "data": {
          "max_delay": 24000,
          "min_delay": 12000,
          "replace_current_music": false,
          "sound": "minecraft:music.nether.nether_wastes"
        },
        "weight": 1
      }
    ],
    "music_volume": 1,
    "sky_color": 7254527,
    "water_color": 4159204,
    "water_fog_color": 329011
  },
	"carvers": "minecraft:nether_cave",
	"features": [
		[],
		[],
		[],
		[],
		[],
		[],
		[
			"hearths:minecraft/nether_wastes/ceiling_pillars",
			"hearths:minecraft/nether_wastes/surface_pillars"
		],
		[
			"minecraft:spring_open",
			"minecraft:glowstone_extra",
			"minecraft:glowstone",
			"minecraft:brown_mushroom_nether",
			"minecraft:red_mushroom_nether",
			"minecraft:ore_magma",
			"minecraft:spring_closed",
			"minecraft:ore_gravel_nether",
			"minecraft:ore_blackstone",
			"minecraft:ore_gold_nether",
			"minecraft:ore_quartz_nether",
			"minecraft:ore_ancient_debris_large",
			"minecraft:ore_debris_small"
		],
		[
			"hearths:minecraft/nether_wastes/blackstone_lakes",
			"hearths:minecraft/nether_wastes/netherrack_lakes",
			"hearths:minecraft/nether_wastes/magma_lakes"
		],
		[
			"minecraft:spring_lava",
			"minecraft:brown_mushroom_normal",
			"minecraft:red_mushroom_normal",
			"hearths:minecraft/nether_wastes/fire"
		],
		[]
	],
	"spawn_costs": {},
	"spawners": {
		"ambient": [],
		"axolotls": [],
		"creature": [
			{
				"type": "minecraft:strider",
				"weight": 60,
				"minCount": 1,
				"maxCount": 2
			}
		],
		"misc": [],
		"monster": [
			{
				"type": "minecraft:ghast",
				"weight": 50,
				"minCount": 4,
				"maxCount": 4
			},
			{
				"type": "minecraft:zombified_piglin",
				"weight": 100,
				"minCount": 4,
				"maxCount": 4
			},
			{
				"type": "minecraft:magma_cube",
				"weight": 2,
				"minCount": 4,
				"maxCount": 4
			},
			{
				"type": "minecraft:enderman",
				"weight": 1,
				"minCount": 4,
				"maxCount": 4
			},
			{
				"type": "minecraft:piglin",
				"weight": 15,
				"minCount": 4,
				"maxCount": 4
			}
		],
		"underground_water_creature": [],
		"water_ambient": [],
		"water_creature": []
	}
}