{
	"temperature": 2,
	"downfall": 0,
	"has_precipitation": false,
  "effects": {
    "additions_sound": {
      "sound": "minecraft:ambient.warped_forest.additions",
      "tick_chance": 0.0111
    },
    "ambient_sound": "minecraft:ambient.warped_forest.loop",
    "fog_color": 1705242,
    "mood_sound": {
      "block_search_extent": 8,
      "offset": 2,
      "sound": "minecraft:ambient.warped_forest.mood",
      "tick_delay": 6000
    },
    "music": [
      {
        "data": {
          "max_delay": 24000,
          "min_delay": 12000,
          "replace_current_music": false,
          "sound": "minecraft:music.nether.warped_forest"
        },
        "weight": 1
      }
    ],
    "music_volume": 1,
    "particle": {
      "options": {
        "type": "minecraft:warped_spore"
      },
      "probability": 0.01428
    },
    "sky_color": 7254527,
    "water_color": 4159204,
    "water_fog_color": 329011
  },
	"carvers": "minecraft:nether_cave",
	"features": [
		[],
		[],
		[],
		[],
		[],
		[],
		[],
		[
			"minecraft:spring_open",
			"minecraft:patch_fire",
			"minecraft:patch_soul_fire",
			"minecraft:glowstone_extra",
			"minecraft:glowstone",
			"minecraft:ore_magma",
			"minecraft:spring_closed",
			"minecraft:ore_gravel_nether",
			"minecraft:ore_blackstone",
			"minecraft:ore_gold_nether",
			"minecraft:ore_quartz_nether",
			"minecraft:ore_ancient_debris_large",
			"minecraft:ore_debris_small"
		],
		[],
		[
			"minecraft:spring_lava",
			"minecraft:brown_mushroom_normal",
			"minecraft:red_mushroom_normal",
      "hearths:minecraft/warped_forest/tall_fungi",
			"minecraft:warped_fungi",
      "hearths:minecraft/warped_forest/rocks",
			"hearths:minecraft/warped_forest/stems",
			"hearths:minecraft/warped_forest/vegetation",
			"minecraft:nether_sprouts",
			"minecraft:twisting_vines"
		]
	],
	"spawn_costs": {
		"minecraft:enderman": {
			"energy_budget": 0.12,
			"charge": 1
		}
	},
	"spawners": {
		"ambient": [],
		"axolotls": [],
		"creature": [
			{
				"type": "minecraft:strider",
				"weight": 60,
				"minCount": 1,
				"maxCount": 2
			}
		],
		"misc": [],
		"monster": [
			{
				"type": "minecraft:enderman",
				"weight": 1,
				"minCount": 4,
				"maxCount": 4
			}
		],
		"underground_water_creature": [],
		"water_ambient": [],
		"water_creature": []
	}
}