{
  "replace": false,
  "values": [
    "minecraft:beach",
    "minecraft:snowy_beach",
    "minecraft:stony_shore",
    {
        "id": "terralith:granite_cliffs",
        "required": false
    },
    {
        "id": "terralith:gravel_beach",
        "required": false
    },
    {
        "id": "terralith:white_cliffs",
        "required": false
    },
    {
        "id": "nyctophobia:ancient_dead_coral_reef",
        "required": false
    },
    {
        "id": "terrestria:volcanic_island",
        "required": false
    }
  ]
}
