{
  "replace": false,
  "values": [
    "minecraft:plains",
    "minecraft:savanna",
	{
		"id": "terralith:arid_highlands",
		"required": false
	},
	{
		"id": "terralith:brushland",
		"required": false
	},
	{
		"id": "terralith:hot_shrubland",
		"required": false
	},
	{
		"id": "terralith:steppe",
		"required": false
	},
	{
		"id": "terralith:shrubland",
		"required": false
	},
	{
		"id": "nyctophobia:deep_dark_forest",
		"required": false
	},
    {
        "id": "traverse:desert_shrubland",
        "required": false
    },
    {
        "id": "traverse:autumnal_woods",
        "required": false
    },
    {
        "id": "traverse:flatlands",
        "required": false
    },
    {
        "id": "traverse:lush_swamp",
        "required": false
    },
    {
        "id": "traverse:woodlands",
        "required": false
    },
    {
        "id": "terrestria:cypress_forest",
        "required": false
    },
    {
        "id": "terrestria:dense_woodlands",
        "required": false
    },
    {
        "id": "terrestria:lush_redwood_forest",
        "required": false
    }
  ]
}
